Entity,Year,gdp_growth,gdp_per_capita,Electricity from renewables (TWh),Capacity(MW),Investment(USDmn)
Algeria,2011,2.9,5455.679403,0.5,252.6,0.0
Algeria,2012,3.4,5592.220115,0.62,252.6,0.94
Algeria,2013,2.8,5499.587331,0.33,252.6,0.94
Algeria,2014,3.8,5493.056695,0.25,254.9,0.93
Algeria,2015,3.7,4177.889542,0.22,302.9,0.89
Algeria,2016,3.2,3946.452447,0.34,472.9,0.16
Algeria,2017,1.3,4109.698217,0.64,258.2,0.01
Algeria,2018,1.1,4142.018558,0.78,677.0,0.05
Algeria,2019,1.0,3989.668276,0.84,677.0,0.06
Algeria,2020,-5.1,3306.858208,0.72,677.0,0.0
Argentina,2011,6.003951693,12848.8642,32.43,280.07,69.26
Argentina,2012,-1.026420454,13082.66433,30.93,1529.12,256.24
Argentina,2013,2.405323781,13080.25473,35.03,1590.92,47.82
Argentina,2014,-2.512615321,12334.79825,34.37,1606.51,2466.14
Argentina,2015,2.731159828,13789.06042,33.97,576.42,109.83
Argentina,2016,-2.080327844,12790.24247,31.02,1670.89,250.16
Argentina,2017,2.818502978,14613.04182,33.4,1758.2,503.89
Argentina,2018,-2.617396463,11795.15939,34.97,1665.58,487.91
Argentina,2019,-2.025934237,10056.63794,34.63,1855.51,418.84
Argentina,2020,-9.895268964,8579.017773,37.05,3836.44,82.07
Australia,2011,2.469746294,62574.1457,27.33,8883.1,0.0
Australia,2012,3.917362463,68027.84171,26.63,12660.1,0.0
Australia,2013,2.600211881,68156.62792,34.2,14088.1,0.0
Australia,2014,2.562931521,62511.69059,36.15,15588.1,0.0
Australia,2015,2.172204753,56707.02208,33.12,16633.1,0.0
Australia,2016,2.741643069,49881.76371,38.41,17386.1,0.0
Australia,2017,2.295926947,53934.25018,40.77,18539.1,0.0
Australia,2018,2.87097248,57180.7794,42.93,20692.0,0.0
Australia,2019,2.113149425,54875.28596,53.41,25873.31,0.0
Australia,2020,-0.003836559,51692.84275,63.99,25014.31,0.0
Austria,2011,2.922797284,51374.95841,40.91,11217.81,434.3
Austria,2012,0.680445577,48567.69529,51.33,2958.81,85.07
Austria,2013,0.025504712,50716.70871,50.5,15734.52,284.43
Austria,2014,0.661272849,51717.49594,50.2,11251.48,405.47
Austria,2015,1.014501586,44178.04738,47.59,18472.75,295.08
Austria,2016,1.989437162,45276.83144,51.08,15556.04,68.14
Austria,2017,2.258572433,47312.00623,51.05,11542.12,202.4
Austria,2018,2.501595119,51461.43322,50.06,12410.61,36.79
Austria,2019,1.49121085,50114.40111,54.64,20773.56,0.0
Austria,2020,-6.734514076,48586.80132,55.42,7675.56,188.13
Bahamas,2011,-4.3,4221.407478,0.0,0.5,0.0
Bahamas,2012,-4.3,4221.407478,0.0,0.8,0.0
Bahamas,2013,-4.3,4221.407478,0.0,0.9,0.0
Bahamas,2014,-4.3,4221.407478,0.0,1.28,0.0
Bahamas,2015,-4.3,4221.407478,0.0,1.3,0.0
Bahamas,2016,-4.3,4221.407478,0.0,1.45,0.0
Bahamas,2017,-4.3,4221.407478,0.0,1.4,0.02
Bahamas,2018,-4.3,4221.407478,0.0,1.37,0.11
Bahamas,2019,-4.3,4221.407478,0.0,2.29,0.56
Bahamas,2020,-4.3,4221.407478,0.0,2.77,185.05
Belgium,2011,1.694513899,47348.52502,8.31,3459.6,0.0
Belgium,2012,0.739217283,44673.11588,10.51,5014.1,405.93
Belgium,2013,0.459242193,46744.66254,11.71,1004.1,0.0
Belgium,2014,1.578533143,47700.54036,12.21,2663.25,0.0
Belgium,2015,2.041459009,40991.80814,14.45,6362.8,294.36
Belgium,2016,1.266686409,41984.10303,14.25,6737.15,1378.73
Belgium,2017,1.619580278,44089.31009,15.8,2360.3,0.0
Belgium,2018,1.819203664,47519.5531,17.17,2205.3,344.49
Belgium,2019,2.149559681,46591.49161,19.47,7350.35,0.0
Belgium,2020,-5.65965987,45159.34822,23.46,11187.47,0.0
Botswana,2011,6.048361455,7617.310041,0.0,0.17,0.08
Botswana,2012,4.456144471,7050.573472,0.0,1.62,0.46
Botswana,2013,11.34339697,7224.912737,0.0,1.72,0.0
Botswana,2014,4.149262255,7495.220866,0.0,1.86,2.55
Botswana,2015,-5.717682557,6402.910183,0.0,2.15,0.0
Botswana,2016,7.036896951,6982.917492,0.0,3.28,0.01
Botswana,2017,4.00344974,7296.092142,0.0,3.85,0.02
Botswana,2018,3.98039539,7503.878588,0.01,3.91,0.01
Botswana,2019,2.992737635,7203.064221,0.01,6.11,0.0
Botswana,2020,-8.492893511,6404.899932,0.01,6.14,0.0
Brazil,2011,3.974423079,13245.38737,462.32,92917.65,4589.3
Brazil,2012,1.921175985,12370.22325,454.78,96117.26,11601.62
Brazil,2013,3.00482267,12300.38671,436.84,20455.38,2767.62
Brazil,2014,0.50395574,12112.83496,430.82,106445.89,2546.5
Brazil,2015,-3.545763393,8813.989806,428.81,18456.69,2825.75
Brazil,2016,-3.275916906,8710.06329,463.37,24724.92,1863.32
Brazil,2017,1.322869054,9928.675897,464.4,5478.12,3232.58
Brazil,2018,1.783666761,9151.381732,492.66,33260.64,1523.48
Brazil,2019,1.411152985,8897.552966,512.59,50413.1,1864.91
Brazil,2020,-4.059048273,6796.844542,520.01,60046.56,0.1
Canada,2011,3.146881372,52223.69611,391.95,81503.5,0.0
Canada,2012,1.762222549,52669.08996,398.58,78764.5,426.28
Canada,2013,2.329122506,52635.17496,417.28,78281.5,0.0
Canada,2014,2.870036075,50955.99832,412.13,14788.5,0.0
Canada,2015,0.659176864,43596.13554,417.2,95438.5,0.0
Canada,2016,1.001394414,42315.60371,426.84,17992.5,0.0
Canada,2017,3.039880225,45129.35644,435.43,15457.5,0.0
Canada,2018,2.777040554,46548.52036,428.39,97088.5,0.0
Canada,2019,1.879592028,46338.34096,421.8,100373.5,0.0
Canada,2020,-5.233024303,43294.64816,429.24,100564.4,0.0
Chad,2011,0.082869798,984.7361305,0.01,2.0,0.0
Chad,2012,8.882576072,967.3529488,0.0,2.0,0.0
Chad,2013,5.700001363,979.8117426,0.0,2.5,0.03
Chad,2014,6.899985045,1020.287979,0.0,2.5,0.02
Chad,2015,2.767675685,776.0197523,0.0,2.17,0.02
Chad,2016,-6.255527085,693.4497674,0.01,3.27,41.33
Chad,2017,-2.988695986,665.9488849,0.01,3.27,0.0
Chad,2018,2.3740378,726.1510071,0.01,3.29,0.0
Chad,2019,3.247181917,709.5400432,0.01,3.29,10.0
Chad,2020,-0.947304885,659.270045,0.01,3.33,0.41
Chile,2011,6.110918829,14637.23344,21.04,6697.77,68.53
Chile,2012,5.318628,15351.54074,20.59,6875.77,1004.29
Chile,2013,4.045004298,15842.93648,20.17,891.77,1352.65
Chile,2014,1.766739784,14670.98891,25.44,8328.77,1263.79
Chile,2015,2.303767036,13574.16924,27.38,7632.77,113.31
Chile,2016,1.711089289,13753.59215,24.27,8029.77,300.13
Chile,2017,1.184544707,14998.81706,29.32,7129.62,209.26
Chile,2018,3.713859177,15888.14436,32.89,10586.56,0.0
Chile,2019,0.942005307,14741.7144,32.23,9987.15,0.0
Chile,2020,-5.771501669,13231.70421,34.06,9635.25,0.94
China,2011,9.550832179,5614.352135,792.38,219514.26,43.04
China,2012,7.863736449,6300.615118,999.56,295667.03,100.64
China,2013,7.766150098,7020.338485,1093.37,40439.27,301.71
China,2014,7.425763656,7636.116601,1289.23,45227.95,229.42
China,2015,7.041328879,8016.431435,1393.66,24936.59,92.0
China,2016,6.848762205,8094.363367,1522.79,162753.68,1271.88
China,2017,6.947200793,8816.986905,1667.06,493811.52,372.49
China,2018,6.749773832,9905.342004,1835.32,529447.71,318.26
China,2019,5.949714233,10143.83817,2014.57,49957.03,201.54
China,2020,2.347513573,10434.77519,2184.94,97389.11,13.64
Colombia,2011,6.947891982,7335.166934,48.81,9756.33,0.78
Colombia,2012,3.912635767,8050.255372,47.58,9980.34,1.84
Colombia,2013,5.13399352,8218.347844,50.48,10081.9,0.32
Colombia,2014,4.499030001,8114.343921,48.06,426.94,55.29
Colombia,2015,2.955901375,6175.87603,49.0,1408.3,23.22
Colombia,2016,2.087382502,5870.777957,49.54,1442.11,1454.76
Colombia,2017,1.359360868,6376.706716,61.39,11801.31,184.77
Colombia,2018,2.564324283,6729.583332,60.08,12269.43,144.25
Colombia,2019,3.281116805,6424.979492,54.31,12358.53,152.5
Colombia,2020,-6.795758107,5334.556042,49.97,1753.07,0.0
Comoros,2011,4.099846955,1447.945144,0.0,1.45,0.0
Comoros,2012,3.200272903,1403.360252,0.0,1.45,0.3
Comoros,2013,4.499874215,1505.337292,0.0,1.45,0.02
Comoros,2014,2.100006438,1513.830379,0.0,1.45,0.12
Comoros,2015,1.116140583,1242.585608,0.0,1.45,0.97
Comoros,2016,3.320680025,1273.050952,0.0,1.45,0.01
Comoros,2017,3.815702113,1323.814843,0.0,1.45,11.18
Comoros,2018,3.642525019,1428.290463,0.0,1.45,0.0
Comoros,2019,1.75532828,1401.542312,0.0,1.45,15.99
Comoros,2020,-0.128835488,1420.661747,0.0,1.45,0.0
Congo,2011,-0.128835488,1420.661747,0.79,86.9,0.0
Congo,2012,-0.128835488,1420.661747,1.0,206.32,114.95
Congo,2013,-0.128835488,1420.661747,0.98,206.43,1.88
Congo,2014,-0.128835488,1420.661747,0.96,206.66,0.0
Congo,2015,-0.128835488,1420.661747,1.14,206.66,0.0
Congo,2016,-0.128835488,1420.661747,1.17,15.16,0.09
Congo,2017,-0.128835488,1420.661747,1.24,226.67,0.0
Congo,2018,-0.128835488,1420.661747,1.15,226.82,20.63
Congo,2019,-0.128835488,1420.661747,0.94,226.82,0.09
Congo,2020,-0.128835488,1420.661747,0.96,226.82,0.0
Cuba,2011,2.802300836,6139.718783,1.74,620.65,1.31
Cuba,2012,3.014900289,6497.314764,1.82,593.85,0.41
Cuba,2013,2.747602563,6837.71168,1.77,555.15,3.1
Cuba,2014,1.047576632,7133.337679,1.8,595.51,0.04
Cuba,2015,4.438141959,7694.014637,1.85,628.71,76.78
Cuba,2016,0.513761468,8060.796598,1.74,610.01,31.02
Cuba,2017,1.809054399,8541.213686,1.82,675.48,110.99
Cuba,2018,2.248480393,8824.194008,2.0,758.2,7.21
Cuba,2019,-0.164839982,9125.878679,2.99,1022.01,5.67
Cuba,2020,-10.94834097,9477.852873,3.13,280.23,0.0
Dominica,2011,-0.223550688,7065.460372,0.04,7.11,0.0
Dominica,2012,-1.059000243,6849.455933,0.03,7.12,0.0
Dominica,2013,-0.999940631,7016.380071,0.04,7.12,7.64
Dominica,2014,4.447947365,7317.486143,0.03,7.12,1.7
Dominica,2015,-2.691108924,7597.288894,0.02,7.12,0.0
Dominica,2016,2.556494913,8080.968623,0.04,7.52,0.0
Dominica,2017,-6.79942797,7274.517731,0.03,7.52,13.26
Dominica,2018,2.214305241,7687.462963,0.02,7.21,1.64
Dominica,2019,7.571391597,8516.280039,0.02,7.21,8.94
Dominica,2020,-16.60491154,7003.859021,0.04,7.21,0.0
Ecuador,2011,7.868140919,5200.555108,11.41,241.51,394.8
Ecuador,2012,5.641962067,5682.046108,12.54,2278.39,26.48
Ecuador,2013,4.946511267,6056.331213,11.46,2297.99,333.46
Ecuador,2014,3.788868549,6377.093929,12.09,2439.94,507.66
Ecuador,2015,0.098872608,6124.490887,13.74,438.59,31.74
Ecuador,2016,-1.226383985,6060.092962,16.37,4639.79,134.67
Ecuador,2017,2.368386526,6213.503127,20.44,655.35,36.81
Ecuador,2018,1.289291933,6295.934662,21.06,262.4,0.89
Ecuador,2019,0.012105103,6222.524653,25.2,264.28,60.12
Ecuador,2020,-7.750123377,5600.389615,24.83,798.63,68.18
Estonia,2011,7.263084581,17464.92008,1.18,172.2,83.38
Estonia,2012,3.228200494,17404.2008,1.47,441.38,0.0
Estonia,2013,1.458428636,19050.58592,1.23,293.5,0.0
Estonia,2014,3.011366587,20234.11742,1.39,471.34,0.0
Estonia,2015,1.853020046,17395.04062,1.56,206.5,48.24
Estonia,2016,3.155564814,18282.92339,1.59,229.0,0.0
Estonia,2017,5.792044675,20387.28315,1.86,525.1,0.0
Estonia,2018,4.133819798,23052.30126,1.99,329.55,0.0
Estonia,2019,4.096342644,23397.12001,2.14,445.5,10.42
Estonia,2020,-2.951069313,23027.027,2.97,447.2,0.0
Ethiopia,2011,11.17829623,354.4795719,6.25,298.12,109.55
Ethiopia,2012,8.647811633,467.0778718,7.51,298.93,53.99
Ethiopia,2013,10.58227005,499.5315302,8.64,451.32,295.14
Ethiopia,2014,10.25749296,566.9264029,9.45,457.11,654.09
Ethiopia,2015,10.39246302,640.5419231,10.37,2528.87,315.03
Ethiopia,2016,9.433482658,717.1248698,12.46,2649.48,54.1
Ethiopia,2017,9.564189643,768.5230154,13.12,4366.17,361.35
Ethiopia,2018,6.816147797,771.5248663,13.78,4451.03,33.8
Ethiopia,2019,8.364085699,855.7608852,14.22,4451.03,55.11
Ethiopia,2020,6.056617792,936.3404611,14.22,671.86,0.0
Fiji,2011,2.705143029,4371.447385,0.56,137.96,0.01
Fiji,2012,1.411314382,4591.577015,0.62,182.7,0.11
Fiji,2013,4.73421949,4840.72727,0.61,182.07,4.71
Fiji,2014,5.603514887,5605.609148,0.53,182.6,6.67
Fiji,2015,4.501199392,5390.714207,0.53,184.03,1.7
Fiji,2016,2.445652008,5651.272721,0.6,186.03,0.19
Fiji,2017,5.353364937,6101.02389,0.64,200.54,0.05
Fiji,2018,3.81235097,6317.41372,0.71,202.88,5.61
Fiji,2019,-0.445563044,6175.890653,0.71,202.93,0.12
Fiji,2020,-15.71180398,5057.631913,0.7,203.08,0.0
Finland,2011,2.547664838,51081.99767,24.18,5282.0,143.26
Finland,2012,-1.397545728,47710.79022,28.56,5122.0,16.61
Finland,2013,-0.901696316,49878.04324,25.63,5254.0,69.34
Finland,2014,-0.364908157,50260.29986,26.28,5170.0,20.11
Finland,2015,0.543659212,42784.69836,30.53,6168.0,148.77
Finland,2016,2.811457767,43784.28396,30.41,3938.0,212.37
Finland,2017,3.19240963,46297.49635,31.48,7628.0,0.0
Finland,2018,1.141947509,49964.49991,32.14,7571.53,286.12
Finland,2019,1.220754143,48628.64176,31.88,8006.0,18.19
Finland,2020,-2.800135891,48744.98813,35.93,3626.3,129.03
France,2011,2.192700633,43790.72602,66.02,31526.73,262.49
France,2012,0.313134751,40874.70039,85.25,30256.38,0.0
France,2013,0.576326675,42592.93539,99.42,38693.25,714.61
France,2014,0.956183052,43011.2631,94.03,26272.93,286.78
France,2015,1.112912341,36638.18493,91.84,28940.52,558.91
France,2016,1.095464404,37037.37419,99.0,31949.0,504.79
France,2017,2.291419994,38685.25849,92.63,40071.44,1387.85
France,2018,1.865066071,41572.48501,113.62,33836.3,844.39
France,2019,1.842971814,40578.64429,113.21,44420.75,817.22
France,2020,-7.855256037,39030.36037,125.28,55366.29,699.69
Guatemala,2011,4.163906883,3228.045741,5.26,530.78,4.33
Guatemala,2012,2.974708568,3355.036919,5.94,1514.73,56.41
Guatemala,2013,3.694819199,3522.773706,6.44,1646.46,17.64
Guatemala,2014,4.443977583,3779.642336,6.86,775.75,23.97
Guatemala,2015,4.092170816,3994.636913,6.71,1278.29,0.02
Guatemala,2016,2.677802555,4173.301666,7.16,1767.11,14.42
Guatemala,2017,3.079851491,4454.04815,8.76,1852.9,0.86
Guatemala,2018,3.322097997,4478.424646,9.04,522.5,11.45
Guatemala,2019,3.866856575,4638.634943,8.3,1880.38,37.6
Guatemala,2020,-1.519328029,4603.339617,9.01,1880.33,0.0
Guyana,2011,5.339378131,4908.566448,0.14,54.17,0.0
Guyana,2012,5.383623469,5378.810878,0.14,54.66,0.09
Guyana,2013,3.653504768,5489.140726,0.14,55.15,0.02
Guyana,2014,1.686027732,5407.147366,0.15,55.81,0.02
Guyana,2015,0.68752121,5576.825852,0.16,56.42,2.85
Guyana,2016,3.807918837,5811.397924,0.15,46.86,0.0
Guyana,2017,3.734374061,6124.95367,0.15,48.36,0.0
Guyana,2018,4.441013589,6145.819277,0.16,52.01,30.81
Guyana,2019,5.352627426,6609.51128,0.16,54.08,14.63
Guyana,2020,43.47955594,6955.939217,0.15,54.08,1.46
Haiti,2011,5.098213544,1287.95465,0.12,57.13,31.32
Haiti,2012,0.502424404,1337.335946,0.22,57.44,12.11
Haiti,2013,4.324784115,1432.837618,0.14,57.69,13.92
Haiti,2014,1.722565602,1435.13647,0.09,57.8,0.81
Haiti,2015,2.562508835,1386.854191,0.08,58.7,49.59
Haiti,2016,1.812468078,1290.380508,0.07,58.21,8.67
Haiti,2017,2.510271345,1369.063734,0.13,58.74,26.18
Haiti,2018,1.667810955,1479.345827,0.2,80.71,0.74
Haiti,2019,-1.684595081,1312.770636,0.17,80.71,39.51
Haiti,2020,-3.343372612,1272.367992,0.11,80.71,0.33
Iceland,2011,1.845779156,47714.59223,16.85,2549.0,137.97
Iceland,2012,1.063636607,45995.54788,17.29,2542.64,0.0
Iceland,2013,4.55246032,49804.983,17.99,2651.92,0.0
Iceland,2014,1.687215018,54576.74481,17.8,2653.14,0.0
Iceland,2015,4.436663719,52951.68151,18.55,2657.54,37.93
Iceland,2016,6.303687107,61987.92636,18.17,2658.53,259.9
Iceland,2017,4.194948829,72010.14903,18.84,2081.47,0.0
Iceland,2018,4.892180731,74469.80406,19.43,1061.96,0.0
Iceland,2019,2.434823,68941.46223,19.12,979.42,0.0
Iceland,2020,-6.50391225,59270.18005,18.78,979.42,85.61
India,2011,5.241315001,1458.104066,173.62,55353.62,1950.93
India,2012,5.456388753,1443.882435,165.25,26108.13,1119.11
India,2013,6.386106401,1449.610451,187.9,11449.79,586.41
India,2014,7.410227605,1573.885642,202.04,33089.3,699.8
India,2015,7.996253786,1605.605445,203.21,51882.98,898.76
India,2016,8.256305502,1732.554242,208.21,46689.57,2198.17
India,2017,6.795383419,1980.66702,234.9,89066.41,861.45
India,2018,6.532989011,1996.915087,263.61,85708.31,1947.29
India,2019,4.041554187,2100.751461,303.16,63174.23,865.64
India,2020,-7.251754782,1927.707823,315.76,91957.95,431.45
Ireland,2011,1.068526654,52108.83323,5.43,1867.24,0.0
Ireland,2012,-0.052354785,49028.82739,5.25,1999.09,189.58
Ireland,2013,1.267014661,51518.3881,5.63,2312.25,106.08
Ireland,2014,8.713697808,55525.89725,6.39,2583.01,0.0
Ireland,2015,25.17624519,61987.551,7.86,2751.18,0.0
Ireland,2016,2.042232527,62818.96636,7.52,608.08,0.0
Ireland,2017,8.940012772,69601.68388,8.88,3674.2,0.0
Ireland,2018,9.0301611,79068.97461,10.2,755.63,84.85
Ireland,2019,4.917006978,80886.61574,11.8,4536.32,0.0
Ireland,2020,5.866975509,85267.76474,13.46,4649.0,0.0
Israel,2011,5.542590001,33775.512,0.26,218.6,0.0
Israel,2012,2.822996205,32667.60687,0.44,265.6,0.0
Israel,2013,4.777202349,36499.45611,0.58,65.9,0.0
Israel,2014,4.124746861,37847.64994,0.96,102.74,721.0
Israel,2015,2.279679419,35808.43643,1.25,813.01,166.02
Israel,2016,4.462753818,37330.2618,1.69,934.51,0.0
Israel,2017,4.377044428,40774.12961,1.79,1037.51,0.0
Israel,2018,3.983424594,42063.45313,1.85,85.51,0.0
Israel,2019,3.77358981,43951.24773,2.9,429.51,0.0
Israel,2020,-2.153428489,44168.94364,3.86,524.55,0.0
Italy,2011,0.707333347,38599.06221,82.96,40824.22,184.36
Italy,2012,-2.980905768,35053.52624,92.22,39430.72,0.0
Italy,2013,-1.841065451,35549.9747,112.0,47327.85,0.0
Italy,2014,-0.004547542,35518.41529,120.68,31778.85,340.54
Italy,2015,0.778304351,30230.2263,108.89,29159.9,44.15
Italy,2016,1.293462732,30939.71425,108.01,50835.9,196.19
Italy,2017,1.667859041,32326.67421,103.89,38179.36,555.14
Italy,2018,0.925810941,34605.26273,114.41,22291.21,392.71
Italy,2019,0.410278294,33641.63375,115.83,24403.69,307.86
Italy,2020,-8.9385925,31714.22095,116.9,29649.7,100.19
Jamaica,2011,1.730376267,5111.465987,0.45,95.33,8.86
Jamaica,2012,-0.61363604,5209.859264,0.47,95.63,0.12
Jamaica,2013,0.517686013,4989.734089,0.43,76.13,0.0
Jamaica,2014,0.689822357,4834.284009,0.46,78.13,57.8
Jamaica,2015,0.921487125,4907.927415,0.46,80.53,87.99
Jamaica,2016,1.375223064,4843.7499,0.5,161.63,17.58
Jamaica,2017,0.997123062,5070.099503,0.6,189.63,0.9
Jamaica,2018,1.889923681,5359.993789,0.69,189.63,70.52
Jamaica,2019,0.892291654,5369.498371,0.65,226.63,0.17
Jamaica,2020,-10.0,4664.530242,0.64,226.63,0.0
Japan,2011,0.023809524,48760.07895,116.5,36969.5,0.0
Japan,2012,1.374750999,49145.28043,111.09,18458.0,0.0
Japan,2013,2.005100177,40898.6479,121.48,46074.5,0.0
Japan,2014,0.296205514,38475.39525,136.53,53223.0,0.0
Japan,2015,1.560626697,34960.63938,157.34,36750.5,0.0
Japan,2016,0.753826746,39400.73936,157.7,33415.0,0.0
Japan,2017,1.675331752,38891.08627,175.12,35181.5,0.0
Japan,2018,0.558851275,39808.16856,183.63,89508.5,0.0
Japan,2019,0.270304645,40777.6087,192.72,99205.5,0.0
Japan,2020,-4.585508281,40193.25244,205.6,99557.49,0.0
Kenya,2011,5.12110612,1085.487152,5.18,1041.07,511.18
Kenya,2012,4.568679614,1271.815383,6.06,195.54,144.0
Kenya,2013,3.797848393,1354.820833,6.11,927.4,16.26
Kenya,2014,5.020111002,1462.220052,6.7,1279.14,818.04
Kenya,2015,4.967721128,1464.554009,8.44,1038.02,542.53
Kenya,2016,4.213517068,1525.235192,8.26,1586.54,701.14
Kenya,2017,3.815506427,1633.491216,8.41,1636.12,301.26
Kenya,2018,5.62910144,1794.091175,9.79,1283.44,256.69
Kenya,2019,4.981132628,1912.647867,10.24,1444.44,84.49
Kenya,2020,-0.316182729,1878.580703,10.83,1444.53,19.88
Kiribati,2011,1.594321811,1734.903839,0.0,0.43,0.0
Kiribati,2012,4.713645402,1788.691439,0.0,0.47,0.0
Kiribati,2013,4.214851087,1715.814321,0.0,0.5,4.7
Kiribati,2014,-0.697737743,1642.820129,0.0,0.84,4.34
Kiribati,2015,10.40486376,1542.616465,0.0,2.31,0.0
Kiribati,2016,5.137719245,1584.738015,0.0,2.87,0.0
Kiribati,2017,0.889757537,1640.571205,0.0,2.87,0.0
Kiribati,2018,3.775954286,1727.845001,0.0,2.87,0.86
Kiribati,2019,3.926445438,1601.861869,0.0,2.87,0.0
Kiribati,2020,-1.947556647,1653.540297,0.0,2.87,0.0
Latvia,2011,2.564422968,13338.96224,3.08,1642.0,0.0
Latvia,2012,7.037317185,13847.33794,4.11,1701.2,0.0
Latvia,2013,2.010744815,15007.49186,3.53,1760.71,0.0
Latvia,2014,1.900096243,15721.45233,2.8,1777.92,0.0
Latvia,2015,3.885027277,13780.91355,2.78,1728.06,0.0
Latvia,2016,2.367609543,14322.02268,3.48,1777.8,0.0
Latvia,2017,3.31308889,15656.34749,5.46,1742.15,0.0
Latvia,2018,3.989480387,17856.30712,3.49,1779.21,0.0
Latvia,2019,2.484326355,17926.84159,3.19,1771.53,0.0
Latvia,2020,-3.618565992,17726.25294,3.64,1775.43,0.0
Libya,2011,-62.07591958,5554.180053,0.01,4.2,0.0
Libya,2012,123.1395552,13025.27932,0.01,4.9,0.0
Libya,2013,-13.59999997,10363.80425,0.01,4.9,0.0
Libya,2014,-24.00000003,6466.908237,0.01,4.9,0.0
Libya,2015,-8.862039363,4337.919139,0.01,4.9,0.0
Libya,2016,-2.79546889,4035.196802,0.01,4.9,0.0
Libya,2017,26.68090263,5756.699325,0.01,5.11,0.0
Libya,2018,15.13279989,7877.12461,0.01,5.11,0.0
Libya,2019,2.535953478,7685.948132,0.01,5.11,0.0
Libya,2020,-31.30000005,3699.294765,0.01,5.11,0.0
Malawi,2011,4.854055111,534.9510502,1.88,301.06,2.41
Malawi,2012,1.885799507,391.5617052,1.96,301.98,1.69
Malawi,2013,5.199999997,348.4298737,1.96,304.7,36.02
Malawi,2014,5.700000004,371.2695217,2.08,370.96,1.93
Malawi,2015,2.8,380.5969877,2.08,375.39,63.52
Malawi,2016,2.484040625,315.7779871,2.05,375.69,0.35
Malawi,2017,4.000030517,506.1372944,1.9,382.77,3.86
Malawi,2018,4.391688296,544.5934354,1.44,401.75,17.15
Malawi,2019,5.448181336,591.8463896,1.5,408.65,105.14
Malawi,2020,0.799998331,636.8205368,1.5,409.95,1.58
Mexico,2011,3.66300793,10203.4213,50.7,12940.0,1.02
Mexico,2012,3.642322679,10241.72783,47.2,14356.0,366.04
Mexico,2013,1.354091962,10725.18359,44.67,15176.0,70.97
Mexico,2014,2.849773255,10928.91601,57.46,16568.0,387.45
Mexico,2015,3.293151528,9616.645558,52.42,16486.0,226.35
Mexico,2016,2.630532425,8744.515559,52.97,3902.77,455.35
Mexico,2017,2.113129135,9287.849587,55.88,19462.22,502.06
Mexico,2018,2.194994725,9686.984927,58.78,21273.38,377.95
Mexico,2019,-0.176599456,9950.45008,59.0,8313.65,197.42
Mexico,2020,-8.309034659,8329.271313,69.19,16144.65,376.63
Morocco,2011,5.245697297,3046.947854,2.69,182.7,218.32
Morocco,2012,3.009961262,2912.658275,2.42,183.7,914.03
Morocco,2013,4.5354242,3121.680081,4.19,207.7,5.9
Morocco,2014,2.669493927,3171.699192,3.61,955.13,1433.58
Morocco,2015,4.536378168,2875.257985,4.45,975.03,234.28
Morocco,2016,1.05985639,2896.722196,4.74,1061.8,468.74
Morocco,2017,4.254603273,3035.454433,4.69,307.83,119.26
Morocco,2018,3.148502656,3226.982794,6.52,517.83,811.63
Morocco,2019,2.607935495,3235.00066,7.6,517.83,639.78
Morocco,2020,-6.29325316,3058.691689,7.02,409.93,0.0
Nepal,2011,3.421828241,799.5833769,3.46,712.87,130.76
Nepal,2012,4.438493505,804.1416073,3.51,115.4,29.37
Nepal,2013,3.525153171,823.3598746,3.49,116.34,320.07
Nepal,2014,6.011482843,844.8531248,3.78,762.67,386.22
Nepal,2015,3.976053272,901.7496077,3.45,827.66,18.44
Nepal,2016,0.433113719,899.523581,4.23,848.32,29.04
Nepal,2017,8.977279356,1048.453755,4.72,994.09,10.64
Nepal,2018,7.622376105,1178.525932,4.99,77.96,14.92
Nepal,2019,6.657055428,1194.956876,6.26,1233.15,326.95
Nepal,2020,-2.088378695,1155.142854,6.33,1363.7,0.04
New Zealand,2011,2.256736921,38387.62708,33.18,6826.0,0.0
New Zealand,2012,2.24064087,39973.38076,31.4,6841.4,0.0
New Zealand,2013,2.695783859,42976.64959,31.82,6930.0,0.0
New Zealand,2014,3.813831016,44572.89875,34.0,7133.0,0.0
New Zealand,2015,3.707375818,38630.72659,34.92,7128.0,0.0
New Zealand,2016,3.730079893,40080.49411,36.2,7186.0,0.0
New Zealand,2017,3.613281553,42992.89527,35.33,7072.0,0.0
New Zealand,2018,3.20574788,43306.07,36.3,7098.0,0.0
New Zealand,2019,1.633932613,42755.21626,35.97,7213.0,0.0
New Zealand,2020,1.862851533,41441.46667,34.77,7353.15,0.0
Norway,2011,0.981434479,100600.5624,121.9,30181.5,150.58
Norway,2012,2.703109471,101524.1419,143.6,30726.0,206.66
Norway,2013,1.034072914,102913.4508,130.42,32001.7,55.12
Norway,2014,1.969544301,97019.18275,137.94,32251.7,240.25
Norway,2015,1.967128438,74355.51586,140.07,32393.7,117.79
Norway,2016,1.071558977,70460.56053,145.16,4967.9,75.27
Norway,2017,2.323290208,75496.75406,145.48,3740.1,41.16
Norway,2018,1.118828479,82267.80932,143.06,3534.6,213.64
Norway,2019,0.745798219,75719.7529,131.07,34642.7,79.08
Norway,2020,-0.717182669,67329.67779,152.09,35943.4,146.43
Pakistan,2011,2.748405917,1164.978823,29.37,7024.4,329.48
Pakistan,2012,3.50703342,1198.117637,30.7,7140.97,1387.09
Pakistan,2013,4.396456633,1208.91771,33.26,1073.63,244.72
Pakistan,2014,4.674707981,1251.175719,34.48,1252.93,552.09
Pakistan,2015,4.731147475,1356.667831,36.82,1374.28,1225.17
Pakistan,2016,5.526735845,1368.426961,35.64,8270.63,903.84
Pakistan,2017,5.554277437,1464.926195,32.39,9217.12,3388.07
Pakistan,2018,5.836417498,1482.213067,42.66,12196.24,99.11
Pakistan,2019,1.144749605,1288.556325,40.52,11659.44,297.84
Pakistan,2020,-0.935389533,1188.859757,42.69,12406.39,0.31
Panama,2011,11.31362625,9358.26813,4.14,1382.25,66.11
Panama,2012,9.778827513,10722.26147,5.42,1499.6,0.0
Panama,2013,6.903436769,11889.09507,5.2,1502.82,1.81
Panama,2014,5.06661313,12796.07403,5.19,1687.82,184.49
Panama,2015,5.73269026,13630.30114,6.69,2053.02,65.06
Panama,2016,4.953434937,14343.98026,7.24,1920.81,366.66
Panama,2017,5.591328274,15146.40851,7.9,1983.61,101.57
Panama,2018,3.685344349,15544.99908,8.74,2028.91,0.35
Panama,2019,2.979715461,15774.25494,6.24,2053.2,90.01
Panama,2020,-17.944864,12509.83529,8.35,2053.2,0.0
Paraguay,2011,4.286371207,5329.387437,57.05,881.52,0.03
Paraguay,2012,-0.708043112,5185.141549,59.63,881.52,0.0
Paraguay,2013,8.293076489,5936.975959,59.87,921.02,0.08
Paraguay,2014,5.301238592,6118.31811,54.83,921.02,0.0
Paraguay,2015,2.957151735,5413.776021,55.3,921.02,0.0
Paraguay,2016,4.268025833,5324.609068,63.3,921.02,0.46
Paraguay,2017,4.810078856,5678.869972,59.23,921.02,0.0
Paraguay,2018,3.204250341,5782.78455,58.75,921.02,130.47
Paraguay,2019,-0.401855101,5380.963322,48.99,903.77,1.16
Paraguay,2020,-0.565695447,5001.07276,46.43,903.77,390.4
Peru,2011,6.327192402,5869.323882,21.85,3539.24,223.97
Peru,2012,6.139724706,6528.971775,21.69,3626.17,238.87
Peru,2013,5.852518211,6756.752996,22.85,3615.53,292.66
Peru,2014,2.382157372,6672.877373,23.06,3999.18,279.43
Peru,2015,3.252244772,6229.100674,24.86,642.16,84.64
Peru,2016,3.953318715,6204.996457,25.95,1050.5,102.31
Peru,2017,2.518835442,6710.507602,30.84,1379.56,548.98
Peru,2018,3.96915687,6957.793411,33.28,1425.24,68.75
Peru,2019,2.203974749,7027.612207,34.41,6401.28,1.08
Peru,2020,-11.14881188,6126.87454,33.72,6432.46,22.52
Qatar,2011,13.37517641,82409.94165,0.01,11.67,0.0
Qatar,2012,4.730011844,85075.98654,0.01,11.67,0.0
Qatar,2013,5.556040643,85050.68434,0.01,13.29,0.0
Qatar,2014,5.334323292,83858.34046,0.02,14.97,0.0
Qatar,2015,4.753345724,63039.11263,0.03,14.97,0.0
Qatar,2016,3.064191884,57162.96801,0.03,16.1,0.0
Qatar,2017,-1.497604702,59124.86727,0.03,16.1,0.0
Qatar,2018,1.234872202,65907.94844,0.02,16.1,0.0
Qatar,2019,0.68824096,62276.42869,0.03,16.1,0.0
Qatar,2020,-3.557603999,50124.38594,0.02,16.1,160.04
Samoa,2011,4.103640825,3932.105847,0.05,12.61,0.0
Samoa,2012,-4.084494013,4020.959844,0.04,8.97,0.0
Samoa,2013,-0.342327336,4037.813829,0.03,9.12,4.71
Samoa,2014,0.052170614,3937.186246,0.03,13.32,32.47
Samoa,2015,4.296880765,4071.926959,0.04,14.29,0.01
Samoa,2016,8.126249353,4109.663228,0.05,16.74,0.0
Samoa,2017,1.042433719,4258.978767,0.05,26.61,2.05
Samoa,2018,-1.233162407,4187.504729,0.06,26.77,0.0
Samoa,2019,4.379825545,4322.868457,0.06,28.76,0.0
Samoa,2020,-2.5926083,4067.843459,0.06,28.76,0.0
Thailand,2011,0.840132083,5492.1215,11.83,1983.0,288.27
Thailand,2012,7.242796202,5860.581471,13.42,3934.0,119.37
Thailand,2013,2.687495563,6168.261356,12.33,6700.9,54.65
Thailand,2014,0.984468864,5951.883487,13.68,7405.7,4.37
Thailand,2015,3.134047249,5840.053067,13.33,6438.2,55.52
Thailand,2016,3.435157717,5993.305516,15.97,8992.16,0.43
Thailand,2017,4.177681032,6593.818352,19.92,10243.23,1.99
Thailand,2018,4.189585496,7296.879608,25.84,9933.94,296.13
Thailand,2019,2.266433672,7817.009671,28.02,7437.98,99.16
Thailand,2020,-6.098983843,7186.874092,24.73,7491.3,0.0
Tonga,2011,6.818276144,4002.813771,0.0,0.12,12.1
Tonga,2012,0.823102718,4581.783245,0.0,1.13,7.94
Tonga,2013,0.312307909,4428.146521,0.0,1.75,17.55
Tonga,2014,2.01870046,4354.24436,0.0,1.75,2.51
Tonga,2015,1.171888256,4336.239603,0.0,2.88,14.14
Tonga,2016,6.571000501,4157.877249,0.0,3.44,2.92
Tonga,2017,3.322432544,4513.432531,0.01,6.43,20.47
Tonga,2018,0.300009404,4740.700272,0.01,6.45,37.0
Tonga,2019,0.734030017,4903.012138,0.01,7.75,2.45
Tonga,2020,0.654698596,4624.823449,0.01,7.75,0.0
Vanuatu,2011,3.137874086,3173.822022,0.01,8.9,0.0
Vanuatu,2012,1.010029914,2997.293432,0.01,8.13,3.05
Vanuatu,2013,0.468608459,2954.774511,0.02,8.33,4.76
Vanuatu,2014,3.12624625,2926.67996,0.02,8.96,8.54
Vanuatu,2015,0.371578452,2695.666186,0.02,8.71,7.27
Vanuatu,2016,4.688677823,2805.66532,0.02,10.03,0.0
Vanuatu,2017,6.315604199,3082.475083,0.01,10.65,17.77
Vanuatu,2018,2.900230273,3125.404999,0.02,12.18,1.79
Vanuatu,2019,3.912534737,3116.297759,0.02,12.4,0.15
Vanuatu,2020,-6.813991132,2870.0893,0.02,12.35,0.77
Maldives,2011,-6.248748224,1214.50982,4.19,1.68,0.01
Maldives,2012,-6.248748224,1214.50982,4.19,2.82,0.03
Maldives,2013,-6.248748224,1214.50982,4.19,3.25,0.0
Maldives,2014,-6.248748224,1214.50982,4.19,5.54,42.59
Maldives,2015,-6.248748224,1214.50982,4.19,5.55,6.21
Maldives,2016,-6.248748224,1214.50982,4.19,8.24,0.01
Maldives,2017,-6.248748224,1214.50982,4.19,10.94,0.02
Maldives,2018,-6.248748224,1214.50982,4.19,10.94,5.69
Maldives,2019,-6.248748224,1214.50982,4.19,14.81,4.02
Maldives,2020,-6.248748224,1214.50982,4.19,16.81,0.0
Marshall Islands,2011,-6.248748224,1214.50982,4.19,0.86,0.16
Marshall Islands,2012,-6.248748224,1214.50982,4.19,0.48,0.02
Marshall Islands,2013,-6.248748224,1214.50982,4.19,0.66,1.27
Marshall Islands,2014,-6.248748224,1214.50982,4.19,1.01,0.01
Marshall Islands,2015,-6.248748224,1214.50982,4.19,1.01,4.14
Marshall Islands,2016,-6.248748224,1214.50982,4.19,1.61,0.26
Marshall Islands,2017,-6.248748224,1214.50982,4.19,1.61,41.65
Marshall Islands,2018,-6.248748224,1214.50982,4.19,1.63,0.0
Marshall Islands,2019,-6.248748224,1214.50982,4.19,1.63,0.0
Marshall Islands,2020,-6.248748224,1214.50982,4.19,1.63,0.0
Palau,2011,-6.248748224,1214.50982,4.19,0.58,0.0
Palau,2012,-6.248748224,1214.50982,4.19,0.67,0.0
Palau,2013,-6.248748224,1214.50982,4.19,0.75,0.01
Palau,2014,-6.248748224,1214.50982,4.19,0.91,0.0
Palau,2015,-6.248748224,1214.50982,4.19,0.91,5.19
Palau,2016,-6.248748224,1214.50982,4.19,1.28,0.01
Palau,2017,-6.248748224,1214.50982,4.19,1.28,0.0
Palau,2018,-6.248748224,1214.50982,4.19,1.68,0.0
Palau,2019,-6.248748224,1214.50982,4.19,1.75,1.15
Palau,2020,-6.248748224,1214.50982,4.19,1.75,0.0
United States of America,2011,-6.248748224,1214.50982,4.19,67784.0,117.63
United States of America,2012,-6.248748224,1214.50982,4.19,31351.5,22.01
United States of America,2013,-6.248748224,1214.50982,4.19,105472.9,35.06
United States of America,2014,-6.248748224,1214.50982,4.19,116303.1,0.0
United States of America,2015,-6.248748224,1214.50982,4.19,120479.3,0.0
United States of America,2016,-6.248748224,1214.50982,4.19,215087.4,0.0
United States of America,2017,-6.248748224,1214.50982,4.19,229676.9,0.0
United States of America,2018,-6.248748224,1214.50982,4.19,244873.0,0.0
United States of America,2019,-6.248748224,1214.50982,4.19,52393.5,0.0
United States of America,2020,-6.248748224,1214.50982,4.19,282922.7,0.0
