country,Year,RP,MP,TP,REI,Prediction
Algeria,2012,1.23999752000496,20.0,0.9999999960411718,7.41333250534871,Past
Algeria,2013,0.5322572060367644,0.9999989361713445,0.9999999960411718,0.8440853794164269,Past
Algeria,2014,0.7575734618986003,0.9893606496163303,1.009105300834896,0.9186798041166089,Past
Algeria,2015,0.87999648001408,0.9569882182922383,1.1883091361776807,1.008431278161333,Past
Algeria,2016,1.5454475206930878,0.17977507890440575,1.56124132861921,1.0954879760722345,Past
Algeria,2017,1.882347404860574,0.06249960937744161,0.5459928091647435,0.8302799411342531,Past
Algeria,2018,1.2187480957061003,4.999500049994986,2.6219984406584107,2.946748862119833,Past
Algeria,2019,1.0769216962542354,1.1999760004799902,0.9999999985228951,1.0922992317523736,Past
Algeria,2020,0.8571418367359086,5.78231521466911e-16,0.9999999985228951,0.6190472784196014,Past
Algeria,2021,0.7172909932227978,-20.0,1.635279482193734,-5.88247650819449,Forecast
Algeria,2022,0.9478664871113887,2.02969166249641,1.0228007230642495,1.3334529575573493,Forecast
Algeria,2023,1.0847867021269253,1.5063093549757942,1.0900468002383514,1.22704761911369,Forecast
Algeria,2024,1.5077489846173544,1.336174815685622,1.4321169078079214,1.4253469027036327,Forecast
Algeria,2025,1.255331226741946,1.2515939946345003,0.9670200383016297,1.1579817532260253,Forecast
Algeria,2026,1.092809462375196,1.2010199263433936,1.2067574956618852,1.1668622947934917,Forecast
Algeria,2027,0.9550467781910532,1.1673749885580058,1.2204379277761117,1.1142865648417235,Forecast
Algeria,2028,0.7981146611117418,1.1433777034493025,1.0152719059712072,0.9855880901774171,Forecast
Algeria,2029,0.9041896608713136,1.1253987369364655,1.1798043440222117,1.0697975806099969,Forecast
Algeria,2030,0.9948232890358814,1.1114263384674001,1.1590825014288517,1.0884440429773778,Forecast
Botswana,2012,0.0,5.7499281258984265,9.529355709672297,5.093094611856908,Past
Botswana,2013,0.0,0.0,1.0617277396742348,0.35390924655807826,Past
Botswana,2014,0.0,20.0,1.0813947201193488,7.027131573373116,Past
Botswana,2015,0.0,0.0,1.1559133570358295,0.3853044523452765,Past
Botswana,2016,0.0,20.0,1.5255806857764251,7.175193561925475,Past
Botswana,2017,0.0,1.9998000199980004,1.1737801299450823,1.0578600499810276,Past
Botswana,2018,20.0,0.4999750012499375,1.0155841517963242,7.171853051015421,Past
Botswana,2019,0.9999000099990002,0.0,1.5626594468901671,0.8541864856297224,Past
Botswana,2020,0.9999000099990002,0.0,1.0049098191636956,0.6682699430542319,Past
Botswana,2021,1.1823357470201463,-20.0,1.1486942385561343,-5.889656671474572,Forecast
Botswana,2022,1.094783074997558,1.5081502873417725,1.0786397061239152,1.2271910228210818,Forecast
Botswana,2023,1.1074720533949456,1.4973821035459096,1.0920217834703243,1.2322919801370598,Forecast
Botswana,2024,1.0897677241473762,1.2794665671174186,1.0771635067767873,1.1487992660138608,Forecast
Botswana,2025,1.084936446567007,1.2386890515620612,1.0743122292213807,1.1326459091168164,Forecast
Botswana,2026,1.0773707136162274,1.1846498532398286,1.0681608798312823,1.1100604822291127,Forecast
Botswana,2027,1.0721363402063742,1.159210812577593,1.0641955480739451,1.0985142336193041,Forecast
Botswana,2028,1.0671623115615039,1.1359271589103501,1.0601765879107818,1.0877553527942119,Forecast
Botswana,2029,1.0629746559497906,1.1202763740211963,1.0568169770651903,1.080022669012059,Forecast
Botswana,2030,1.0592258275264588,1.1070940292211024,1.0537408256904894,1.0733535608126836,Forecast
Chad,2012,0.0,0.0,0.99999950000025,0.33333316666675,Past
Chad,2013,0.0,20.0,1.2499993750003124,7.083333125000105,Past
Chad,2014,0.0,0.6666444451851605,0.99999960000016,0.5555480150617735,Past
Chad,2015,0.0,0.999950002499875,0.8679996528001388,0.6226498851000045,Past
Chad,2016,20.0,20.0,1.5069117479669363,13.835637249322312,Past
Chad,2017,0.9999000099990002,0.0,0.9999996941896959,0.6666332347295654,Past
Chad,2018,0.9999000099990002,0.0,1.0061159002703668,0.6686719700897891,Past
Chad,2019,0.9999000099990002,20.0,0.9999996960487245,7.333299902015908,Past
Chad,2020,0.9999000099990002,0.040999995900000426,1.0121577470645144,0.6843525843211716,Past
Chad,2021,1.0057533706370292,11.759142782560636,1.057591871266564,4.607496008154743,Forecast
Chad,2022,1.0037802973427983,0.7393846191784921,1.040687411807566,0.9279507761096187,Forecast
Chad,2023,1.0044096622795744,1.2911353539653179,1.0433231386760282,1.1129560516403068,Forecast
Chad,2024,1.0041761940819698,1.0236996557393128,1.0402300318400297,1.0227019605537706,Forecast
Chad,2025,1.0042293334913857,1.1029443682778355,1.0390715993945456,1.0487484337212554,Forecast
Chad,2026,1.0041875753314535,1.0640501394955004,1.0374802106547982,1.0352393084939173,Forecast
Chad,2027,1.0041775175332246,1.0713360269895178,1.036163810889109,1.0372257851372837,Forecast
Chad,2028,1.0041571430892842,1.0623762764004072,1.0348900263194165,1.0338078152697028,Forecast
Chad,2029,1.0041403936596986,1.0603179776521665,1.0337173262917072,1.032725232534524,Forecast
Chad,2030,1.004122639737047,1.0562742864701231,1.0326164361733532,1.0310044541268413,Forecast
Congo,2012,1.2658211825048322,20.0,2.374223217787995,7.88001480009761,Past
Congo,2013,0.97999902000098,0.016354936786820866,1.0005331475352213,0.6656290347743408,Past
Congo,2014,0.979590837152207,-2.3621753916623647e-15,1.0011141742909742,0.6602350038143929,Past
Congo,2015,1.1874987630221217,-4.440892118222149e-09,0.9999999951611342,0.7291662512474546,Past
Congo,2016,1.0263148891974656,20.0,0.07335720471616565,7.033224031304544,Past
Congo,2017,1.059828153993031,-4.934269728670621e-14,14.951845979429688,5.33722471114089,Past
Congo,2018,0.9274186069204783,20.0,1.0006617505595723,7.309360119160018,Past
Congo,2019,0.8173905935733969,0.004362578557315451,0.9999999955912178,0.6072510559073101,Past
Congo,2020,1.021275509281373,-4.1016117119574195e-14,0.9999999955912178,0.6737585016241833,Past
Congo,2021,0.973499068938066,-20.0,1.077196768344101,-5.983101387572611,Forecast
Congo,2022,0.970022054412269,1.240323243172214,1.044463564374068,1.0849362873195172,Forecast
Congo,2023,0.9689346371902213,1.6629850626374667,1.0524555731313847,1.2281250909863577,Forecast
Congo,2024,0.967929258642165,1.1825080789631517,1.0462762369187373,1.065571191508018,Forecast
Congo,2025,0.9668661350286303,1.2943846081017616,1.0455227051595373,1.1022578160966432,Forecast
Congo,2026,0.9657306686881669,1.1445440322098879,1.043071128735565,1.0511152765445397,Forecast
Congo,2027,0.9645146508362776,1.1817710966665143,1.0414634501604054,1.0625830658877324,Forecast
Congo,2028,0.9632091613153678,1.1178455405822436,1.0397504163706532,1.0402683727560882,Forecast
Congo,2029,0.9618039463440897,1.1300716162503643,1.0382534577433964,1.0433763401126168,Forecast
Congo,2030,0.960287125088129,1.0983897280995654,1.036835736386085,1.0318375298579265,Forecast
Comoros,2012,0.0,20.0,0.9999993103453033,6.9999997701151,Past
Comoros,2013,0.0,0.06666644444518526,0.9999993103453033,0.3555552515968295,Past
Comoros,2014,0.0,5.999700014999245,0.9999993103453033,2.3332331084481828,Past
Comoros,2015,0.0,8.08326597278356,0.9999993103453033,3.0277550943762876,Past
Comoros,2016,0.0,0.01030926772240442,0.9999993103453033,0.3367695260225692,Past
Comoros,2017,0.0,20.0,0.9999993103453033,6.9999997701151,Past
Comoros,2018,0.0,0.0,0.9999993103453033,0.3333331034484344,Past
Comoros,2019,0.0,20.0,0.9999993103453033,6.9999997701151,Past
Comoros,2020,0.0,0.0,0.9999993103453033,0.3333331034484344,Past
Comoros,2021,0.0,20.0,0.9999993103453033,6.9999997701151,Forecast
Comoros,2022,0.0,0.18711712695009533,0.9999993103453033,0.3957054790984662,Forecast
Comoros,2023,0.0,5.616526174042628,0.9999993103453033,2.205508494795977,Forecast
Comoros,2024,0.0,0.3463598626911438,0.9999993103453033,0.448786391012149,Forecast
Comoros,2025,0.0,3.0531236623363034,0.9999993103453033,1.3510409908938688,Forecast
Comoros,2026,0.0,0.47882607317944914,0.9999993103453033,0.4929417945082508,Forecast
Comoros,2027,0.0,2.2171648410817513,0.9999993103453033,1.0723880504756849,Forecast
Comoros,2028,0.0,0.5871921168585513,0.9999993103453033,0.5290638090679516,Forecast
Comoros,2029,0.0,1.8118851325967804,0.9999993103453033,0.937294814314028,Forecast
Comoros,2030,0.0,0.6747955450983015,0.9999993103453033,0.558264951814535,Forecast
Ethiopia,2012,1.2015998077440306,0.4928343177285777,1.0027170233371896,0.8990503829365993,Past
Ethiopia,2013,1.150465892081772,5.466567781689799,1.5097848944241632,2.7089395227319115,Past
Ethiopia,2014,1.0937498734085793,2.216202472669911,1.0128290325870137,1.4409271262218348,Past
Ethiopia,2015,1.0973543812323407,0.48163096747904566,5.5323007470142835,2.3704286985752234,Past
Ethiopia,2016,1.2015427963796728,0.17172967599362077,1.0476932380677169,0.8069885701470034,Past
Ethiopia,2017,1.0529694178997255,6.679297473580451,1.6479346884490789,3.1267338599764187,Past
Ethiopia,2018,1.0503047979950613,0.09353812067652384,1.0194357981893887,0.7210929056203246,Past
Ethiopia,2019,1.0319302589310408,1.6304733245422094,0.9999999997753328,1.2208011944161943,Past
Ethiopia,2020,0.999999929676517,2.578634450614871e-16,0.15094483745314125,0.38364825570988614,Past
Ethiopia,2021,1.0225063268670809,-20.0,-1.8593419076640445,-6.945611860265655,Forecast
Ethiopia,2022,1.0219943456861083,4.120465668800024,4.024829032093487,3.0557630155265394,Forecast
Ethiopia,2023,1.0215210160499493,1.676115896433963,1.3821840507815228,1.3599403210884784,Forecast
Ethiopia,2024,1.021067618076213,1.4110253119545757,1.5436632662992658,1.3252520654433515,Forecast
Ethiopia,2025,1.02063293002736,1.2904409260309828,1.1791707807735443,1.1634148789439624,Forecast
Ethiopia,2026,1.0202158171817106,1.225175562388265,1.298636719492314,1.1813426996874299,Forecast
Ethiopia,2027,1.0198152347656717,1.183776993651415,1.1170350060973393,1.1068757448381419,Forecast
Ethiopia,2028,1.0194302192066176,1.1552480915852479,1.2058407058824245,1.1268396722247633,Forecast
Ethiopia,2029,1.0190598803944682,1.1343848232387987,1.0869104405820307,1.0801183814050992,Forecast
Ethiopia,2030,1.0187033948116728,1.1184649693818731,1.1570327019251447,1.0980670220395636,Forecast
Kenya,2012,1.1698839440378486,0.28170116146621316,0.18782598654477986,0.5464703640162805,Past
Kenya,2013,1.008250658704512,0.11291666588252319,4.742763604670331,1.9546436430857888,Past
Kenya,2014,1.096562831986443,20.0,1.3792753920861816,7.491946074690875,Past
Kenya,2015,1.2597013045221932,0.6632071773223716,0.811498349819802,0.9114689438881222,Past
Kenya,2016,0.9786728698254895,1.2923524942540459,1.5284291232072318,1.266484829095589,Past
Kenya,2017,1.0181596830315156,0.4296716769408796,1.0312503932890122,0.8263605844204692,Past
Kenya,2018,1.1640902301914113,0.852054700750001,0.78444123854947,0.9335287231636276,Past
Kenya,2019,1.0459651638442122,0.3291518939999537,1.125444118053478,0.8335203919658812,Past
Kenya,2020,1.0576170842170818,0.2352941148621836,1.0000623071916712,0.7643245020903122,Past
Kenya,2021,1.0633319556063834,-1.1417431257787147,0.8700623236441616,0.26388371782394343,Forecast
Kenya,2022,1.0603964782990762,3.130088548425402,1.114308309646575,1.768264445457018,Forecast
Kenya,2023,1.0466307662638592,1.6592466253628846,0.9970720924907958,1.2343164947058465,Forecast
Kenya,2024,1.0501757746996572,1.4006749380869836,0.8799950218905299,1.110281911559057,Forecast
Kenya,2025,1.0517004787713993,1.2854305371995458,1.1041727728332618,1.1471012629347355,Forecast
Kenya,2026,1.0436030145617678,1.2221784828108777,0.9944422684885045,1.0867412552870501,Forecast
Kenya,2027,1.041780183496617,1.1817614817807673,0.8890289620402118,1.0375235424391986,Forecast
Kenya,2028,1.043909357262587,1.1538116335813273,1.0949299341690553,1.0975503083376565,Forecast
Kenya,2029,1.0402231731759837,1.1333060248794347,0.9921245322433238,1.0552179100995807,Forecast
Kenya,2030,1.03695788202892,1.117626116511758,0.8972309138099497,1.0172716374502093,Forecast
Libya,2012,0.9999000099990002,0.0,1.166666388888955,0.7221887996293184,Past
Libya,2013,0.9999000099990002,0.0,0.9999997959184089,0.6666332686391364,Past
Libya,2014,0.9999000099990002,0.0,0.9999997959184089,0.6666332686391364,Past
Libya,2015,0.9999000099990002,0.0,0.9999997959184089,0.6666332686391364,Past
Libya,2016,0.9999000099990002,0.0,0.9999997959184089,0.6666332686391364,Past
Libya,2017,0.9999000099990002,0.0,1.0428569300291979,0.6809189800093994,Past
Libya,2018,0.9999000099990002,0.0,0.999999804305322,0.6666332714347741,Past
Libya,2019,0.9999000099990002,0.0,0.999999804305322,0.6666332714347741,Past
Libya,2020,0.9999000099990002,0.0,0.999999804305322,0.6666332714347741,Past
Libya,2021,0.9999000099990002,0.0,1.004278708510519,0.6680595728365063,Forecast
Libya,2022,0.9999000099990002,0.0,1.0050125168761723,0.6683041756250575,Forecast
Libya,2023,0.9999000099990002,0.0,1.00511959387773,0.6683398679589101,Forecast
Libya,2024,0.9999000099990002,0.0,1.0051167100931206,0.6683389066973736,Forecast
Libya,2025,0.9999000099990002,0.0,1.0050947347214847,0.6683315815734949,Forecast
Libya,2026,0.9999000099990002,0.0,1.0050696242794812,0.6683232114261605,Forecast
Libya,2027,0.9999000099990002,0.0,1.0050441774831456,0.6683147291607153,Forecast
Libya,2028,0.9999000099990002,0.0,1.0050188825670647,0.6683062975220216,Forecast
Libya,2029,0.9999000099990002,0.0,1.0049938221101977,0.6682979440363993,Forecast
Libya,2030,0.9999000099990002,0.0,1.0049690075198383,0.6682896725062796,Forecast
Malawi,2012,1.0425526369400868,0.7012445223051773,1.0030558659301938,0.915617675058486,Past
Malawi,2013,0.9999994897961787,20.0,1.0090072156798224,7.336335568492,Past
Malawi,2014,1.0612239483551285,0.053581342210401374,1.2174597925255668,0.7774216943636989,Past
Malawi,2015,0.9999995192310003,20.0,1.011941985626639,7.337313834952546,Past
Malawi,2016,0.9855764492420915,0.005510075480005132,1.000799166198356,0.6639618969734843,Past
Malawi,2017,0.9268288161810653,11.028539918457335,1.0188453218908,4.324738018843067,Past
Malawi,2018,0.7578943379503484,4.443004030309835,1.0495859104695093,2.0834947595765643,Past
Malawi,2019,1.0416659432875395,6.13061188742788,1.0171748574556942,2.7298175627237047,Past
Malawi,2020,0.9999993333337779,0.015027582128328231,1.003181203956488,0.672736039806198,Past
Malawi,2021,0.9809481950498636,20.0,1.0323699174665113,7.337772704172124,Forecast
Malawi,2022,0.976105975324778,0.42304081591076964,1.0288602323797786,0.8093356745384422,Forecast
Malawi,2023,0.9744660425684147,2.1988351556130112,1.0282645581584269,1.400521918779951,Forecast
Malawi,2024,0.9735476763124501,0.7341182859944028,1.0274692860021994,0.9117117494363507,Forecast
Malawi,2025,0.9727699867888412,1.4067349332079842,1.0267364723734018,1.1354137974567424,Forecast
Malawi,2026,0.9719938189086073,0.9087375588797506,1.0260401126438543,0.9689238301440707,Forecast
Malawi,2027,0.9711835883903694,1.1908916767361917,1.0253792460973499,1.062484837074637,Forecast
Malawi,2028,0.9703278036213993,0.9900503429269649,1.0247510812383944,0.9950430759289195,Forecast
Malawi,2029,0.9694202800293152,1.1096196331830557,1.0241532619298475,1.0343977250474061,Forecast
Malawi,2030,0.9684556456341177,1.0237352211330881,1.0235836400407756,1.0052581689359938,Forecast
Morocco,2012,0.8996279183539336,4.18665260083065,1.0054734482459033,2.0305846558101623,Past
Morocco,2013,1.7314042432213872,0.006454930356273916,1.130647789163594,0.9561689875804184,Past
Morocco,2014,0.861574973371128,20.0,4.598603733275861,8.486726235548996,Past
Morocco,2015,1.2326866391449753,0.16342303871188,1.0208348591073102,0.8056481789880552,Past
Morocco,2016,1.0651682999621797,2.000768302882157,1.0889921324584966,1.3849762451009446,Past
Morocco,2017,0.9894512680482557,0.2544267605614482,0.2899133544076914,0.5112637943391318,Past
Morocco,2018,1.3901916012384643,6.805550840134574,1.6821947123990684,3.2926457179240356,Past
Morocco,2019,1.1656439929993876,0.7882655880287007,0.9999999980688643,0.9846365263656508,Past
Morocco,2020,0.9236840889889356,0.0,0.7916304563435288,0.5717715151108215,Past
Morocco,2021,1.1070041272016413,20.0,1.0869797386037388,7.397994621935126,Forecast
Morocco,2022,1.0712579489576477,0.9653714749763186,1.0569220203097398,1.031183814747902,Forecast
Morocco,2023,1.0662618770925074,1.6084391489692025,1.0554231663011466,1.2433747307876188,Forecast
Morocco,2024,1.0621414913443603,-0.263235673406641,1.052406315964218,0.6171040446339792,Forecast
Morocco,2025,1.0585058179503446,-3.30413173769679,1.0498039067413993,-0.3986073376683486,Forecast
Morocco,2026,1.0552720739090675,-0.05903588235180678,1.0474406568128771,0.6812256161233793,Forecast
Morocco,2027,1.0523770788826856,-19.51851273724595,1.0452920095466744,-5.806947882938863,Forecast
Morocco,2028,1.0497702536550477,-0.6278111867445824,1.043329525747851,0.48842953088610547,Forecast
Morocco,2029,1.0474106112303807,-1.5966641715074232,1.0415300485379861,0.16409216275364788,Forecast
Morocco,2030,1.045264585666326,-0.6370334041108725,1.0398740761452516,0.48270175256690173,Forecast
Pakistan,2012,1.0452842681210668,4.209936857442221,1.0165950115288716,2.09060537903072,Past
Pakistan,2013,1.083387586860339,0.1764269080042197,0.15034792189991725,0.47005413892149206,Past
Pakistan,2014,1.0366806663655843,2.256006855769831,1.167003528993225,1.4865636837095468,Past
Pakistan,2015,1.0678653982637647,2.2191490477654927,1.0968529757473655,1.4612891405922077,Past
Pakistan,2016,0.9679521736026027,0.7377261924975911,6.018154956764156,2.57461110762145,Past
Pakistan,2017,0.9088102999772644,3.7485284964722423,1.1144398913850047,1.9239262292781705,Past
Pakistan,2018,1.3170731300687517,0.02925264235117559,1.3232159284762248,0.8898472336320508,Past
Pakistan,2019,0.9498358895959709,3.0051457672773076,0.9559864350852405,1.6369893639861732,Past
Pakistan,2020,1.0535537745914665,0.0010408272863258413,1.064063968675677,0.7062195235178231,Past
Pakistan,2021,1.0088938487246353,20.0,0.8996246338192786,7.302839494181305,Forecast
Pakistan,2022,1.03411171702127,-0.16899227289991023,1.1675532248024465,0.6775575563079353,Forecast
Pakistan,2023,1.0316221819011393,1.1774839778954267,1.052017640195083,1.087041266663883,Forecast
Pakistan,2024,1.0307266296382982,4.161091465235581,1.226911947111313,2.139576680661731,Forecast
Pakistan,2025,1.0298066571151763,1.3792017143685416,1.026178716905171,1.1450623627962961,Forecast
Pakistan,2026,1.0289441507247337,1.4200261434945152,1.1012817527820482,1.1834173490004325,Forecast
Pakistan,2027,1.0281299408447209,1.2420550144253828,0.9513637102324293,1.073849555167511,Forecast
Pakistan,2028,1.0273602974054532,1.2176343907284917,1.0748073834759955,1.1066006905366468,Forecast
Pakistan,2029,1.0266316470696057,1.168908575202673,0.9904300577874908,1.0619900933532567,Forecast
Pakistan,2030,1.0259408003427026,1.1489224049985736,1.1323387657017723,1.1024006570143496,Forecast
India,2012,0.9517912628050267,0.5736289869069474,0.4716607513569725,0.6656936670229823,Past
India,2013,1.137065046069198,0.5239967469471305,0.4385526653790006,0.6998714861317764,Past
India,2014,1.075252788316909,1.1933630033707423,2.8899481996709153,1.7195213304528554,Past
India,2015,1.005790927510439,1.2843098009655476,1.5679684973218542,1.2860230752659472,Past
India,2016,1.0246050832901674,2.4457808508992605,0.8999014705612534,1.4567624682502271,Past
India,2017,1.12818788181073,0.3918941663329524,1.907629691129997,1.1425705797578931,Past
India,2018,1.1222222174447756,2.2604794216025543,0.9622966727752663,1.448332770607532,Past
India,2019,1.1500322402411431,0.44453573918392436,0.7370840703691733,0.7772173499314136,Past
India,2020,1.0415622079378473,0.49841735536895543,1.4556243898587187,0.9985346510551739,Past
India,2021,1.0553821297017851,0.9853982469016261,1.057746662537922,1.0328423463804446,Forecast
India,2022,1.0559020204452452,0.5284906838533953,1.0738189314090625,0.886070545235901,Forecast
India,2023,1.0537004231470242,0.4999381485355159,1.0673180668703788,0.8736522128509728,Forecast
India,2024,1.0511317011543808,-0.3561526698703802,1.063178622502345,0.5860525512621152,Forecast
India,2025,1.0486817761503722,4.354333212334679,1.059416302058092,2.154143763514381,Forecast
India,2026,1.0464301962499283,1.8175980787456647,1.0560845980630489,1.3067042910195472,Forecast
India,2027,1.044371941702369,1.4380262235485024,1.053106115158275,1.178501426803049,Forecast
India,2028,1.0424871386395953,1.3083249577163696,1.0504280793718108,1.133746725242592,Forecast
India,2029,1.040755644864648,1.2343727977450458,1.0480071697331037,1.1077118707809326,Forecast
India,2030,1.0391596881834964,1.1903465926018797,1.0458080546965098,1.0917714451606286,Forecast
Japan,2012,0.9535622235745732,0.0,0.49927643055764137,0.4842795513774048,Past
Japan,2013,1.0935277604327325,0.0,2.496180517797368,1.1965694260767001,Past
Japan,2014,1.1238886967081931,0.0,1.1551508968918784,0.7596798645333571,Past
Japan,2015,1.1524207049555357,0.0,0.6905003475811116,0.6143070175122157,Past
Japan,2016,1.0022880322722254,0.0,0.909239330052401,0.6371757874415421,Past
Japan,2017,1.110462897206957,0.0,1.0528654795435324,0.7211094589168298,Past
Japan,2018,1.0485952429842664,0.0,2.5441922600644036,1.1975958343495565,Past
Japan,2019,1.0495017096906731,0.0,1.1083360798012667,0.71927926316398,Past
Japan,2020,1.0668327051326656,0.0,1.003548089561531,0.6901269315647323,Past
Japan,2021,1.046120133342635,0.0,1.0697322201105306,0.7052841178177219,Forecast
Japan,2022,1.0483653860255242,0.0,1.066420972791333,0.7049287862722857,Forecast
Japan,2023,1.0450287446376392,0.0,1.0623070967661805,0.7024452804679399,Forecast
Japan,2024,1.0433749972129394,0.0,1.0586530556963938,0.7006760176364444,Forecast
Japan,2025,1.0414974556515757,0.0,1.0554034808931267,0.6989669788482341,Forecast
Japan,2026,1.039863367978768,0.0,1.0524950713719199,0.6974528131168961,Forecast
Japan,2027,1.0383301608893822,0.0,1.0498767859370615,0.6960689822754812,Forecast
Japan,2028,1.0369165092019659,0.0,1.0475072757154715,0.6948079283058125,Forecast
Japan,2029,1.0356018569535117,0.0,1.045352692832343,0.6936515165952848,Forecast
Japan,2030,1.0343780281385608,0.0,1.04338506337912,0.6925876971725602,Forecast
Qatar,2012,0.9999000099990002,0.0,0.9999999143102045,0.6666333081030683,Past
Qatar,2013,0.9999000099990002,0.0,1.1388173831347572,0.7129057977112524,Past
Qatar,2014,1.9998000199980004,0.0,1.126410750458183,1.042070256818728,Past
Qatar,2015,1.4999250037498124,0.0,0.9999999331997373,0.8333083123165167,Past
Qatar,2016,0.9999666677777407,0.0,1.075484230094574,0.6918169659574382,Past
Qatar,2017,0.9999666677777407,0.0,0.9999999378882025,0.6666555352219811,Past
Qatar,2018,0.6666444451851605,0.0,0.9999999378882025,0.555548127691121,Past
Qatar,2019,1.4999250037498124,0.0,0.9999999378882025,0.8333083138793382,Past
Qatar,2020,0.6666444451851605,20.0,0.9999999378882025,7.222214794357787,Past
Qatar,2021,1.1137270590737745,2.00000017268426,1.0060832892078495,1.3732701736552944,Forecast
Qatar,2022,0.9378828282425522,1.500000042030727,1.0047986451745956,1.1475605051492916,Forecast
Qatar,2023,0.9859541201670948,1.3333333513206658,1.0050320253908143,1.1081064989595248,Forecast
Qatar,2024,0.9699824737731261,1.2500000097273516,1.00495420198894,1.0749788951631392,Forecast
Qatar,2025,0.973900784636295,1.2000000059755673,1.004940586255915,1.059613792289259,Forecast
Qatar,2026,0.9717199878884893,1.1666666706427984,1.0049140770977811,1.0477669118763562,Forecast
Qatar,2027,0.9713532209251574,1.1428571456508634,1.0048905025389172,1.0397002897049794,Forecast
Qatar,2028,0.9703704777939555,1.1250000020413105,1.0048666080203321,1.0334123626185325,Forecast
Qatar,2029,0.9695103191794454,1.1111111126468571,1.004843057784677,1.0284881632036598,Forecast
Qatar,2030,0.9685401133574479,1.10000000118147,1.0048197113888495,1.024453275309256,Forecast
China,2012,1.261465456900142,2.3382899084969817,1.346914911125378,1.6488900921741674,Past
China,2013,1.0938512934752778,2.9979133247425147,0.1367730111803917,1.4095125431327282,Past
China,2014,1.1791342352733893,0.7603990561784526,1.1184165787088043,1.0193166233868822,Past
China,2015,1.0810018374680996,0.4010112440022176,0.5513535324826494,0.6777888713176555,Past
China,2016,1.092655309693429,13.824782458426279,6.526701525488182,7.14804643120263,Past
China,2017,1.0947405741469667,0.29286567892185916,3.034103560650462,1.4739032712397624,Past
China,2018,1.1009321793451152,0.854412196691422,1.0721655703757738,1.009169982137437,Past
China,2019,1.0976668912790866,0.6332558265780939,0.09435687237159959,0.60842653007626,Past
China,2020,1.0845689149125775,0.06767887234455267,1.9494575637913325,1.0339017836828208,Past
China,2021,1.0761846465856046,6.957766713041216,3.513482132104065,3.8491444972436284,Forecast
China,2022,1.0689380787126144,0.6606257072869224,0.9584152588833977,0.8959930149609782,Forecast
China,2023,1.06390642932515,1.2492756720244635,0.621639646019318,0.9782739157896438,Forecast
China,2024,1.0592395436055568,0.942062256171179,1.0134647763763196,1.0049221920510185,Forecast
China,2025,1.0557652799050539,1.0537182840260213,1.30600151754513,1.138495027158735,Forecast
China,2026,1.0524268877305205,1.0048828100819482,1.0051144291731795,1.0208080423285495,Forecast
China,2027,1.049796545795697,1.0241978174819326,0.8834588441081371,0.9858177357952557,Forecast
China,2028,1.0472363935659836,1.0156660697347633,0.993377459835569,1.0187599743787719,Forecast
China,2029,1.045128252808117,1.0187283996723298,1.0683265417990786,1.0440610647598418,Forecast
China,2030,1.043073632482776,1.0170168408634135,1.0069244515553037,1.0223383083004978,Forecast
Thailand,2012,1.1344039615888453,0.41409095495857723,1.9838628330893278,1.17745258321225,Past
Thailand,2013,0.9187778749047784,0.4578202190012548,1.7033299436442983,1.0266426791834438,Past
Thailand,2014,1.1094889611120065,0.07996340201347854,1.1051799010423704,0.7648774213892852,Past
Thailand,2015,0.9744151334491862,12.704802584713356,0.869357386760285,4.849525034974276,Past
Thailand,2016,1.198049422501919,0.007744956632835917,1.3966885152066277,0.8674942981137942,Past
Thailand,2017,1.2473386820702141,4.627896214194793,1.139128974446726,2.3381212902372446,Past
Thailand,2018,1.297188689900166,20.0,0.9698054226089031,7.422331370836357,Past
Thailand,2019,1.0843652831127986,0.33485293507968483,0.7487442041376589,0.7226541407767142,Past
Thailand,2020,0.8825838371668866,0.0,1.0071686128482238,0.6299174833383702,Past
Thailand,2021,0.9407783235328279,-20.0,0.9190347654817933,-6.046728970328459,Forecast
Thailand,2022,1.0129546702701686,2.2959997450297625,0.8202081595442795,1.3763875249480702,Forecast
Thailand,2023,1.0365318628430853,1.5525213962527804,0.5621649094440689,1.0504060561799782,Forecast
Thailand,2024,1.0425021583690028,1.3565986001239232,0.8129797717905135,1.0706935100944799,Forecast
Thailand,2025,1.0429752763497857,1.262813672101529,0.4429195159376757,0.91623615479633,Forecast
Thailand,2026,1.0418746463106794,1.208121103824164,-0.44090740786621585,0.6030294474228758,Forecast
Thailand,2027,1.0403954374693787,1.172268139561204,5.71609167173698,2.642918416255854,Forecast
Thailand,2028,1.0388890705192504,1.1469528684547132,1.3584176890699873,1.1814198760146501,Forecast
Thailand,2029,1.0374522523785383,1.1281245909266298,1.4777256644241228,1.2144341692430969,Forecast
Thailand,2030,1.0361059983056742,1.113573086344402,1.3135960489052063,1.1544250445184276,Forecast
Nepal,2012,1.0144505738582155,0.224609970750918,0.1618808476133364,0.4669804640741566,Past
Nepal,2013,0.9943017110251536,10.897854582980775,1.008145571853158,4.300100621953029,Past
Nepal,2014,1.0830942455317347,1.2066735363930594,6.555526847554351,2.9484315431597152,Past
Nepal,2015,0.9126981712438701,0.0477448085346569,1.0852137869783605,0.6818855889189624,Past
Nepal,2016,1.2260866011343186,1.5748372247919074,1.0249619396552185,1.275295255193815,Past
Nepal,2017,1.115838979707097,0.3663911719562268,1.1718337406027988,0.8846879640887074,Past
Nepal,2018,1.0572031658467869,1.4022555073068135,0.07842348270435921,0.8459607186193198,Past
Nepal,2019,1.2545087666315096,20.0,15.817726836612039,12.35741186774785,Past
Nepal,2020,1.0111819470955357,0.00012234286550750145,1.1058670874541887,0.705723792471744,Past
Nepal,2021,1.1099434746170342,-20.0,1.0500298931504564,-5.946675544077504,Forecast
Nepal,2022,1.1221831786079048,0.09265275833826898,1.0616006133430116,0.7588121834297284,Forecast
Nepal,2023,0.9998807497190653,4.1119475683134,1.053811841099395,2.055213386377287,Forecast
Nepal,2024,1.1402748182250069,-0.5667559266881206,1.0523461507997969,0.5419550141122277,Forecast
Nepal,2025,1.0324818213503477,1.3186683536349397,1.049351707099598,1.1335006273616284,Forecast
Nepal,2026,1.0467182688532235,-5.528667955192475,1.0471500113131273,-1.1449332250087079,Forecast
Nepal,2027,1.1032734905573562,0.6676987882219889,1.0449904471672022,0.9386542419821824,Forecast
Nepal,2028,1.0024681088639946,0.2735914337652177,1.0430646640774706,0.773041402235561,Forecast
Nepal,2029,1.0859527913625713,2.5313355177499837,1.041283221620017,1.5528571769108572,Forecast
Nepal,2030,1.0457588444407315,0.2501569127973937,1.0396475479028797,0.7785211017136683,Forecast
Maldives,2012,0.9999997613365724,2.9997000299970003,1.6785704294223636,1.8927567402519785,Past
Maldives,2013,0.9999997613365724,0.0,1.152481860822035,0.7174938740528692,Past
Maldives,2014,0.9999997613365724,20.0,1.7046148601185045,7.568204873818359,Past
Maldives,2015,0.9999997613365724,0.14580887189929864,1.00180487332042,0.715871168852097,Past
Maldives,2016,0.9999997613365724,0.0016103056988236674,1.484684417173979,0.8287648280697916,Past
Maldives,2017,0.9999997613365724,1.999800019997933,1.3276697417876526,1.4424898410407192,Past
Maldives,2018,0.9999997613365724,20.0,0.9999999085923302,7.3333332233096336,Past
Maldives,2019,0.9999997613365724,0.7065025120382228,1.3537475910651198,1.0200832881466384,Past
Maldives,2020,0.9999997613365724,2.2093985043787926e-16,1.1350438126236453,0.7116811913200727,Past
Maldives,2021,0.9999997613365724,20.0,1.0797121670611338,7.359903976132569,Forecast
Maldives,2022,0.9999997613365724,0.7988440964535996,1.2305365015487406,1.0097934531129709,Forecast
Maldives,2023,0.9999997613365724,1.206141571558955,1.0670786544737374,1.0910733291230883,Forecast
Maldives,2024,0.9999997613365724,1.0552716357256895,1.1165827650502649,1.0572847207041756,Forecast
Maldives,2025,0.9999997613365724,1.0857514242952087,1.1452743216864019,1.0770085024393943,Forecast
Maldives,2026,0.9999997613365724,1.0696168067558458,1.0561468884212968,1.0419211521712384,Forecast
Maldives,2027,0.9999997613365724,1.0677514735925882,1.119839511333291,1.0625302487541506,Forecast
Maldives,2028,0.9999997613365724,1.0626920526730406,1.0935625040588695,1.0520847726894942,Forecast
Maldives,2029,0.9999997613365724,1.0592115145732164,1.062375164949209,1.040528813619666,Forecast
Maldives,2030,0.9999997613365724,1.0558388107972074,1.1051748414705131,1.0536711378680976,Forecast
Israel,2012,1.6923011834569868,0.0,1.2150045690072986,0.9691019174880952,Past
Israel,2013,1.3181788223208584,0.0,0.24811746894534087,0.5220987637553998,Past
Israel,2014,1.6551695600524827,20.0,1.5590288079054808,7.738066122652654,Past
Israel,2015,1.3020819769979406,0.2302635225655152,7.913276154241035,3.1485405512681637,Past
Israel,2016,1.3519989184008654,-1.7119449017714444e-16,1.149444654863477,0.8338145244214473,Past
Israel,2017,1.059170970904751,-2.8421710238197598e-08,1.1102181880234367,0.7231297101688258,Past
Israel,2018,1.0335189756877232,-2.8421710238197598e-08,0.08241848263398088,0.3719791432999979,Past
Israel,2019,1.5675667202342052,-2.8421710238197598e-08,5.0229212370141365,2.196829309608877,Past
Israel,2020,1.3310340237813711,-2.8421710238197598e-08,1.2212754040155633,0.8507697997917414,Past
Israel,2021,1.208078752735369,-6.651110777088295,1.0517300251785235,-1.4637673330581344,Forecast
Israel,2022,1.1593489693697465,2.04333631314939,1.0602822028287076,1.4209891617826147,Forecast
Israel,2023,1.133184915861682,1.6029273564155078,1.055911361587379,1.264007877954856,Forecast
Israel,2024,1.1160897767515,1.3921054394747494,1.0530313649001672,1.1870755270421387,Forecast
Israel,2025,1.1035195648183356,1.2965106206789412,1.0503537732432378,1.150127986246838,Forecast
Israel,2026,1.0936365366364003,1.237035528781638,1.0479404141635793,1.1262041598605392,Forecast
Israel,2027,1.0855591347117934,1.197736485845827,1.0457472200561833,1.1096809468712678,Forecast
Israel,2028,1.0787944332969295,1.1695454428214467,1.0437459681541752,1.0973619480908505,Forecast
Israel,2029,1.0730317685779296,1.148406035896537,1.0419124662869703,1.0877834235871455,Forecast
Israel,2030,1.068058434363279,1.1319498085799429,1.0402264754725863,1.0800782394719362,Forecast
Austria,2012,1.2547054203200827,0.19587842460078647,0.2637600387006233,0.5714479612071642,Past
Austria,2013,0.9838300996721197,3.34348179918324,5.317854135507907,3.2150553447877557,Past
Austria,2014,0.9940593862562499,1.4255528550942136,0.7150825064434706,1.0448982492646446,Past
Austria,2015,0.9480079492428696,0.7277480436832612,1.6418062333451415,1.1058540754237576,Past
Austria,2016,1.0733347116340677,0.23092042757584236,0.8421074284639749,0.7154541892246282,Past
Austria,2017,0.9994126664171366,2.9703551075674337,0.7419703214480053,1.570579365144192,Past
Austria,2018,0.9806072285875177,0.18176877380549009,1.0752452754714692,0.745873759288159,Past
Austria,2019,1.0914901899422655,-9.656737108543445e-16,1.6738548708182874,0.921781686920184,Past
Austria,2020,1.0142752376596773,20.0,0.36948698247341877,7.127920740044366,Past
Austria,2021,1.0286256707792323,0.48994221710775293,2.281680806713218,1.2667495648667344,Forecast
Austria,2022,1.024078077303893,0.9958003965731479,0.616414290056045,0.8787642546443619,Forecast
Austria,2023,1.024483152205417,0.6455012910647956,1.4846757610888732,1.0515534014530286,Forecast
Austria,2024,1.0236466896806142,0.6333699815926118,0.7882684189318071,0.8150950300683443,Forecast
Austria,2025,1.0231655503703838,0.32418165822673384,1.2242143634363956,0.8571871906778377,Forecast
Austria,2026,1.0226241841679207,-0.9840699192083808,0.8925742798104893,0.31037618159000974,Forecast
Austria,2027,1.0221280292159434,3.0505858253529574,1.1146322480409607,1.7291153675366207,Forecast
Austria,2028,1.0216478446840314,1.6684008348083166,0.9506684293453459,1.2135723696125644,Forecast
Austria,2029,1.0211894395965708,1.4013885261410175,1.063651414460045,1.1620764600658777,Forecast
Austria,2030,1.0207496869453685,1.2862384080343543,0.9814319639303756,1.0961400196366995,Forecast
Belgium,2012,1.2647411233765196,20.0,1.4493294018241043,7.571356841733542,Past
Belgium,2013,1.1141768682990612,0.0,0.20025528007015106,0.4381440494564041,Past
Belgium,2014,1.0426984592059387,0.0,2.6523752587866,1.2316912393308461,Past
Belgium,2015,1.183456086531033,20.0,2.3891110476338646,7.857522378054966,Past
Belgium,2016,0.9861591013038685,4.683822514323201,1.0588341608947578,2.2429385921739424,Past
Belgium,2017,1.1087718520160106,0.0,0.3503410195185886,0.4863709571781997,Past
Belgium,2018,1.0867087919804563,20.0,0.9343303813352836,7.340346391105246,Past
Belgium,2019,1.1339545058850022,0.0,3.333038587342748,1.4889976977425834,Past
Belgium,2020,1.2049306006712583,0.0,1.5220322839698743,0.9089876282137109,Past
Belgium,2021,1.1291101158186418,-20.0,0.747694785711655,-6.0410650328232345,Forecast
Belgium,2022,1.1311582443321864,1.5330693376158289,0.7104775473969572,1.1249017097816576,Forecast
Belgium,2023,1.1090639578760568,1.4899280763821852,1.4419492442324506,1.3469804261635643,Forecast
Belgium,2024,1.101215808846094,1.2842579269016057,1.3229143496892806,1.2361293618123266,Forecast
Belgium,2025,1.0907022102579786,1.2375445338851268,0.9099754562156241,1.0794074001195766,Forecast
Belgium,2026,1.0836737364705606,1.1858343188356015,0.8586210110229139,1.0427096887763587,Forecast
Belgium,2027,1.076993139666591,1.1591192904794831,1.152909401834677,1.129673943993584,Forecast
Belgium,2028,1.0715835810404766,1.1363062440039353,1.1890495412988995,1.1323131221144374,Forecast
Belgium,2029,1.066760769646576,1.120354057957943,0.9887717713603974,1.0586288663216388,Forecast
Belgium,2030,1.0626004672901246,1.1072589372002144,0.9374321266823447,1.0357638437242278,Forecast
Estonia,2012,1.2457616561341898,0.0,2.5631823312242608,1.2696479957861502,Past
Estonia,2013,0.8367341246706635,0.0,0.6649598969936112,0.5005646738880917,Past
Estonia,2014,1.13008038204847,0.0,1.6059284442728161,0.9120029421070953,Past
Estonia,2015,1.1223013508623376,20.0,0.43811261416787756,7.1868046550100715,Past
Estonia,2016,1.019230115878131,0.0,1.1089588324021364,0.7093963160934225,Past
Estonia,2017,1.1698105850247893,0.0,2.2930130904235235,1.154274558482771,Past
Estonia,2018,1.0698918979075818,0.0,0.6275947426631218,0.5658288801902346,Past
Estonia,2019,1.0753763440319881,20.0,1.351843418747251,7.475739920926412,Past
Estonia,2020,1.387849818761767,0.0,1.003815934896036,0.7972219178859343,Past
Estonia,2021,1.0694158027201741,-20.0,1.073759937007684,-5.9522747534240485,Forecast
Estonia,2022,1.1627377663575866,1.237828812957366,1.0293433518281723,1.1433033103810417,Forecast
Estonia,2023,1.0980547686783309,0.4443269738653575,1.0515951187757335,0.8646589537731405,Forecast
Estonia,2024,1.1083071411388201,2.1027804734777784,1.035803428057704,1.415630347558101,Forecast
Estonia,2025,1.0891805128729868,1.7625809840924083,1.0422976980253111,1.2980197316635687,Forecast
Estonia,2026,1.085784970113697,1.192980394312876,1.0361009751586372,1.1049554465284035,Forecast
Estonia,2027,1.0772153297705689,0.8010502745029692,1.0374547091625954,0.9719067711453778,Forecast
Estonia,2028,1.072509051741829,1.2105285616499568,1.0345821377433024,1.1058732503783626,Forecast
Estonia,2029,1.0672221362078573,1.3210107424226663,1.0343137353764045,1.1408488713356426,Forecast
Estonia,2030,1.063167524807006,1.1556118550701253,1.0326571043294561,1.0838121614021958,Forecast
Finland,2012,1.1811413903580896,0.11594303981611728,0.9697084435877114,0.7555976245873061,Past
Finland,2013,0.8974089321635528,4.174593366972103,1.0257711829313214,2.0325911606889924,Past
Finland,2014,1.0253608651829549,0.29002018618372966,0.9840121810079915,0.7664644107915587,Past
Finland,2015,1.1617198949117238,7.397811665946712,1.1930367502527974,3.2508561037037444,Past
Finland,2016,0.9960694072692627,1.4275055358774917,0.638456549831638,1.0206771643261308,Past
Finland,2017,1.0351857601056969,1.3383109335863309e-16,1.9370238694928839,0.9907365431995269,Past
Finland,2018,1.0209656600709764,20.0,0.9925970108819353,7.337854223650972,Past
Finland,2019,0.9919103611726708,0.06357472366987724,1.057382061345939,0.7042890487294957,Past
Finland,2020,1.1270388605069366,7.093457553960553,0.45294778910155536,2.891148067856349,Past
Finland,2021,1.0718595923827705,0.35933836975053307,0.7150804661928443,0.7154261427753825,Forecast
Finland,2022,1.0226665327095845,2.2630030385769637,-0.6262004152746198,0.8864897186706427,Forecast
Finland,2023,1.0467132552282676,0.57580081642103,1.7316729146759335,1.118062328775077,Forecast
Finland,2024,1.0313596092553556,1.5083580357249546,2.44726446241844,1.6623273691329168,Forecast
Finland,2025,1.0376847526853596,0.7345964827900365,1.193022445761299,0.9884345604122317,Forecast
Finland,2026,1.0323478038254004,1.2372254157710456,1.4794549610560777,1.249676060217508,Forecast
Finland,2027,1.0335089854744555,0.8386821427707911,1.1198055681257002,0.997332232123649,Forecast
Finland,2028,1.0312320446369776,1.1148850943229203,1.2805288381100841,1.142215325689994,Forecast
Finland,2029,1.030939272863796,0.9019270277542266,1.090142860207326,1.0076697202751161,Forecast
Finland,2030,1.0296523416130339,1.054005335907482,1.195204012651945,1.0929538967241534,Forecast
France,2012,1.2912753515408157,0.0,0.9597056211995438,0.7503269909134532,Past
France,2013,1.1662169951176893,20.0,1.2788459821935456,7.481687659103745,Past
France,2014,0.9457855467130805,0.401309804786793,0.6790055112796417,0.6753669542598385,Past
France,2015,0.976709550391263,1.9489155382212304,1.1015337839707435,1.3423862908610789,Past
France,2016,1.0779616607364801,0.9031686659691747,1.1039539026560699,1.0283614097872416,Past
France,2017,0.9356565562054893,2.7493611150193917,1.2542314313044467,1.6464163675097758,Past
France,2018,1.2266004401748847,0.6084158946511395,0.8443994026457647,0.893138579157263,Past
France,2019,0.9963914716036659,0.9678229242792751,1.312813457697419,1.09234261786012,Past
France,2020,1.1066160135445986,0.8561831564864013,1.2464060151787981,1.0697350617365993,Past
France,2021,1.0408354429544135,0.8320254557773585,1.040318393477657,0.9710597640698096,Forecast
France,2022,1.049571659526743,0.7981125672736643,1.0992599511491776,0.982314725983195,Forecast
France,2023,1.04532091732314,0.7470444177960861,1.0682829826163551,0.9535494392451938,Forecast
France,2024,1.043710087811976,0.6613914140436653,1.0721603986683648,0.9257539668413354,Forecast
France,2025,1.0418137605360116,0.4880360142393011,1.0642291482028157,0.8646929743260428,Forecast
France,2026,1.0401477800907046,-0.04902910083484915,1.0615082365734068,0.6842089719430874,Forecast
France,2027,1.0385958690574426,20.0,1.0575088197941083,7.365368229617183,Forecast
France,2028,1.0371620108525648,1.955349285032322,1.0545460707147387,1.3490191221998753,Forecast
France,2029,1.0358303984601203,1.4885824217272674,1.0516622405225793,1.1920250202366558,Forecast
France,2030,1.0345910042213204,1.3282199332468108,1.0491481167584542,1.1373196847421951,Forecast
Iceland,2012,1.0261126987470206,0.0,0.9975049034925442,0.6745392007465215,Past
Iceland,2013,1.0404857697810428,0.0,1.0429789506013518,0.6944882401274649,Past
Iceland,2014,0.9894385219878532,0.0,1.000460043666302,0.6632995218847184,Past
Iceland,2015,1.0421347729137767,20.0,1.0016584119188365,7.347931061610871,Past
Iceland,2016,0.9795147719938129,6.852095785602536,1.0003725245902706,2.943994360728873,Past
Iceland,2017,1.0368739110140939,0.0,0.7829401959793794,0.6066047023311577,Past
Iceland,2018,1.0313162934545492,0.0,0.5101971200592865,0.5138378045046119,Past
Iceland,2019,0.9840452401417787,0.0,0.9222757910634337,0.6354403437350707,Past
Iceland,2020,0.982217521850548,20.0,0.9999999989789876,7.327405840276512,Past
Iceland,2021,1.0108572554423083,0.6435267199704313,0.9196942288004509,0.8580260680710635,Forecast
Iceland,2022,1.0017220964937437,1.0454983348875162,0.8725033391990185,0.9732412568600927,Forecast
Iceland,2023,1.004553083522725,0.8804698590622294,0.8326829876517619,0.905901976745572,Forecast
Iceland,2024,1.0036444291163031,0.9169050937547757,0.7873533302047373,0.9026342843586054,Forecast
Iceland,2025,1.0039097075403223,0.8930413116717862,0.7230789745415626,0.8733433312512237,Forecast
Iceland,2026,1.003807153305751,0.8854321266767223,0.6126704115333462,0.8339698971719399,Forecast
Iceland,2027,1.003820098153069,0.8689374767796743,0.36453041095378913,0.7457626619621774,Forecast
Iceland,2028,1.0037969731467309,0.8497159204099084,-0.7473838351417539,0.3687096861382951,Forecast
Iceland,2029,1.0037853033059887,0.8229531291782681,3.3405424175073763,1.7224269499972111,Forecast
Iceland,2030,1.003770184183072,0.7849272037836726,1.7009975422075054,1.1632316433914165,Forecast
Ireland,2012,0.9668506506720718,20.0,1.0706122399527578,7.34582096354161,Past
Ireland,2013,1.0723807481179526,0.5595526924804689,1.1566512757521417,0.929528238783521,Past
Ireland,2014,1.1349909174083628,0.0,1.117098064172517,0.7506963271936266,Past
Ireland,2015,1.2300467558612276,0.0,1.065106212881442,0.7650509895808898,Past
Ireland,2016,0.9567428808215164,0.0,0.22102516003277678,0.39258934695143105,Past
Ireland,2017,1.1808509068017412,0.0,6.042297056238823,2.407715987680188,Past
Ireland,2018,1.1486485192963378,20.0,0.20565837455618688,7.118102297950841,Past
Ireland,2019,1.1568626316801345,0.0,6.003361425560972,2.386741352413702,Past
Ireland,2020,1.140677869434079,0.0,1.024839517268438,0.7218391289008389,Past
Ireland,2021,1.113317623184763,-20.0,1.3179315960591915,-5.856250260252015,Forecast
Ireland,2022,1.1044207154391,1.7740607029204292,1.062759209295583,1.3137468758850375,Forecast
Ireland,2023,1.0938477192756324,1.4650965637282187,1.1935532189336144,1.2508325006458219,Forecast
Ireland,2024,1.0859836941022527,1.313013611794983,1.0719132010166599,1.1569701689712986,Forecast
Ireland,2025,1.0791251595767686,1.239156887066364,1.1345222685206413,1.1509347717212581,Forecast
Ireland,2026,1.0733372056774162,1.1928604629894337,1.0709679881986138,1.112388552288488,Forecast
Ireland,2027,1.0683225751382883,1.1617053580768166,1.1018646363171058,1.1106308565107368,Forecast
Ireland,2028,1.0639541632131826,1.1391914087249366,1.0665718371640684,1.0899058030340625,Forecast
Ireland,2029,1.0601095985998057,1.1221854121607402,1.0818469261912527,1.0880473123172663,Forecast
Ireland,2030,1.0567013825972316,1.1088814596190235,1.061270442433347,1.0756177615498672,Forecast
Italy,2012,1.1116200444597393,0.0,0.9658658511793767,0.692495298546372,Past
Italy,2013,1.21448708290515,0.0,1.20027861522183,0.80492189937566,Past
Italy,2014,1.0774999903794644,20.0,0.6714619404711716,7.249653976950213,Past
Italy,2015,0.9023036053836294,0.12964703080505358,0.9175882701571144,0.6498463021152658,Past
Italy,2016,0.9919184407023746,4.44371450863614,1.7433495999045487,2.392994183081021,Past
Italy,2017,0.9618553748555192,2.829603940926633,0.7510314561018683,1.5141635906280069,Past
Italy,2018,1.1012609384804992,0.7074071392668387,0.5838549938871721,0.7975076905448367,Past
Italy,2019,1.0124114936420636,0.783937254503483,1.0947673992979847,0.9637053824811771,Past
Italy,2020,1.0092376671912489,0.3254401340692518,1.214967900296432,0.8498819005189775,Past
Italy,2021,1.0255718012203465,1.3285042833718397,0.7632236948687865,1.039099926486991,Forecast
Italy,2022,1.030102713334289,0.9289117320229604,0.8053046967315061,0.9214397140295851,Forecast
Italy,2023,1.0308428912065757,0.9838372316493214,1.1630340936532655,1.0592380721697208,Forecast
Italy,2024,1.0304273895118816,0.9727645458806673,0.9207853396648892,0.9746590916858127,Forecast
Italy,2025,1.0296878512449394,0.9739588141790301,0.7478169339614186,0.9171545331284627,Forecast
Italy,2026,1.028881730530057,0.9729086631657123,0.9669169734302708,0.9895691223753468,Forecast
Italy,2027,1.0280866293282733,0.9722183511164476,1.0009630994567016,1.000422693300474,Forecast
Italy,2028,1.027324232144964,0.971412869649839,0.7723634766256997,0.9237001928068342,Forecast
Italy,2029,1.0265990195590318,0.9705737007804985,0.7889528750796081,0.9287085318063794,Forecast
Italy,2030,1.0259103282744173,0.969681159112954,0.9479815618646005,0.981191016417324,Forecast
Latvia,2012,1.334415151163912,0.0,1.0360535925480794,0.7901562479039971,Past
Latvia,2013,0.858880569615433,0.0,1.0349811891400298,0.6312872529184875,Past
Latvia,2014,0.7932009084416689,0.0,1.0097744654089689,0.600991791283546,Past
Latvia,2015,0.9928567882654327,0.0,0.9719559929738367,0.6549375937464231,Past
Latvia,2016,1.2517981108639888,0.0,1.0287837221920628,0.7601939443520171,Past
Latvia,2017,1.5689650663893486,0.0,0.9799471251097159,0.8496373971663549,Past
Latvia,2018,0.639194022125637,0.0,1.0212725649219225,0.5534888623491865,Past
Latvia,2019,0.9140398527106438,0.0,0.9956834769388191,0.6365744432164876,Past
Latvia,2020,1.1410654730202279,0.0,1.0022014862846231,0.7144223197682837,Past
Latvia,2021,1.0006296709140152,0.0,1.0008466925905988,0.6671587878348714,Forecast
Latvia,2022,1.014225257706836,0.0,1.0015317761021838,0.6719190112696732,Forecast
Latvia,2023,1.012542984571396,0.0,1.0011812745858903,0.6712414197190956,Forecast
Latvia,2024,1.012549577941998,0.0,1.0013566918434427,0.6713020899284802,Forecast
Latvia,2025,1.0123763409164734,0.0,1.0012650766912785,0.6712138058692506,Forecast
Latvia,2026,1.0122269696434965,0.0,1.001309067380553,0.6711786790080164,Forecast
Latvia,2027,1.012079062337616,0.0,1.001284206684152,0.6711210896739227,Forecast
Latvia,2028,1.0119349199855814,0.0,1.0012943146708033,0.6710764115521283,Forecast
Latvia,2029,1.0117941521670006,0.0,1.0012866724998875,0.6710269415556294,Forecast
Latvia,2030,1.0116566689857784,0.0,1.0012880501571373,0.6709815730476386,Forecast
Norway,2012,1.1780147565380248,1.3724266079663525,1.0180408528065854,1.1894940724369876,Past
Norway,2013,0.9082172638703533,0.2667182799442646,1.041518583576075,0.7388180424635643,Past
Norway,2014,1.0576598600087421,4.3586719093129185,1.0078120849514929,2.1413812847577174,Past
Norway,2015,1.015441488941268,0.49028095529539667,1.0044028686548492,0.8367084376305046,Past
Norway,2016,1.036338965971736,0.639018586985155,0.1533600669218594,0.6095725399595834,Past
Norway,2017,1.0022044571355437,0.5468313996701023,0.7528533181519649,0.7672963916525369,Past
Norway,2018,0.9833654042936115,5.19047606437133,0.9450549448022634,2.372965471155735,Past
Norway,2019,0.9161890051992939,0.3701553998775725,9.8010241583769,3.6957895211512555,Past
Norway,2020,1.1603723112812063,1.851669172336,1.037546149663925,1.3498625444270438,Past
Norway,2021,0.9039937252810945,1.072813283340181,1.7237431463513508,1.2335167183242086,Forecast
Norway,2022,1.1042165020893513,1.5720743115483409,1.020993528583624,1.232428114073772,Forecast
Norway,2023,0.9396172357327254,0.4719363530766479,1.4112339126540876,0.9409291671544869,Forecast
Norway,2024,1.0695054908749215,2.1833635446850232,1.0145701309965027,1.4224797221854824,Forecast
Norway,2025,0.9634083180349056,0.898353611720416,1.2872154808702783,1.0496591368752,Forecast
Norway,2026,1.0476504445181736,1.185047530446416,1.0111565557241304,1.0812848435629068,Forecast
Norway,2027,0.9791001686309987,0.7333320087995927,1.220667405088348,0.9776998608396464,Forecast
Norway,2028,1.0337179535458734,1.7569693904773303,1.00903887537197,1.2665754064650578,Forecast
Norway,2029,0.9893565520676432,0.7633770795810477,1.1791566532152726,0.9772967616213212,Forecast
Norway,2030,1.0247550215226873,1.2142510327926546,1.0075968753967899,1.0822009765707106,Forecast
Mexico,2012,0.9309664510657505,20.0,1.109428129744248,7.346798193603333,Past
Mexico,2013,0.9463982850339346,0.19388591357806265,1.0571189745711118,0.7324677243943697,Past
Mexico,2014,1.2863218874788027,5.459348943788237,1.0917237743086634,2.6124648685252345,Past
Mexico,2015,0.912286792337508,0.5842044119648873,0.9950507000847989,0.8305139681290648,Past
Mexico,2016,1.0104921592809584,2.0117075236946875,0.23673237897387286,1.0863106873165063,Past
Mexico,2017,1.0549367367389706,1.1025804302128464,4.986770933212367,2.381429366721395,Past
Mexico,2018,1.0518969031514513,0.752798468802935,1.0930602983065107,0.9659185567536324,Past
Mexico,2019,1.0037427525732774,0.5223442240445979,0.3908006155866721,0.6389625307348491,Past
Mexico,2020,1.1727118445303077,1.9077600956956737,1.9419448735583114,1.6741389379280978,Past
Mexico,2021,0.9536714034136012,0.6317176731256836,1.3078136873461375,0.9644009212951407,Forecast
Mexico,2022,1.0681630030199458,1.4468378466288891,0.5628259027483231,1.0259422507990525,Forecast
Mexico,2023,1.0524287730962272,0.7602688310013311,1.3038141706621225,1.0388372582532268,Forecast
Mexico,2024,1.050943731180603,1.2407745847410565,1.3348438433698067,1.2088540530971554,Forecast
Mexico,2025,1.0483625861591477,0.8486320803175095,0.7061419162303653,0.8677121942356741,Forecast
Mexico,2026,1.0461426417339303,1.1353339941438898,1.074408436011103,1.0852950239629744,Forecast
Mexico,2027,1.044106303892086,0.9062506216049792,1.2927427538726528,1.0810332264565725,Forecast
Mexico,2028,1.0422432259342063,1.0776531626158339,0.8199997656665661,0.9799653847388686,Forecast
Mexico,2029,1.0405310516263127,0.9425399398637206,0.9846015978301719,0.9892241964400684,Forecast
Mexico,2030,1.0389522756595493,1.0449422613602803,1.2252428688387458,1.1030458019528584,Forecast
Panama,2012,1.3091784277346794,0.0,1.0848978107542788,0.7980254128296528,Past
Panama,2013,0.9594094170831334,20.0,1.0021472385955272,7.32051888522622,Past
Panama,2014,0.9980767311390902,20.0,1.1231019010106986,7.373726210716597,Past
Panama,2015,1.2890170926749338,0.35264783807985345,1.2163737832136283,0.9526795713228052,Past
Panama,2016,1.082212095334515,5.635720786416834,0.935602185592151,2.5511783557811665,Past
Panama,2017,1.0911600702817583,0.2770141267740846,1.032694539786499,0.8002895789474472,Past
Panama,2018,1.1063289738824083,0.003445899345811706,1.0228371499322764,0.7108706743868322,Past
Panama,2019,0.7139587283800083,20.0,1.011971945028625,7.241976891136211,Past
Panama,2020,1.3381408111953828,0.0,0.9999999995129555,0.7793802702361128,Past
Panama,2021,0.9419296861736717,20.0,1.039865497087239,7.32726506108697,Forecast
Panama,2022,1.100652786770355,0.46085518050538365,1.0346821665144823,0.865396711263407,Forecast
Panama,2023,1.0189061309100942,1.3482878590719,1.0338564142202136,1.1336834680674028,Forecast
Panama,2024,1.053579641341802,0.7464701636879704,1.032716638008759,0.9442554810128437,Forecast
Panama,2025,1.0345011511751947,0.9720593343192293,1.031683036451393,1.0127478406486057,Forecast
Panama,2026,1.0411272763853343,0.8254939300618985,1.0307097838924495,0.9657769967798941,Forecast
Panama,2027,1.0358280494713643,0.8688708388519409,1.0297948167562962,0.9781645683598672,Forecast
Panama,2028,1.0363339539593195,0.8070871743834532,1.0289327678907305,0.957451298744501,Forecast
Panama,2029,1.0342316633180664,0.7846285608154069,1.0281192017584053,0.9489931419639595,Forecast
Panama,2030,1.0334926823855128,0.7118088299806706,1.0273501376882936,0.9242172166848257,Forecast
Cuba,2012,1.0459764103583848,0.3129768603230073,0.9568194619240805,0.7719242442018243,Past
Cuba,2013,0.972526938172012,7.5609571683971515,0.9348320267157834,3.1561053777616492,Past
Cuba,2014,1.0169485779951537,0.01290322164412192,1.0727010698501287,0.7008509564964681,Past
Cuba,2015,1.0277772067904407,20.0,1.055750531383603,7.36117591272468,Past
Cuba,2016,0.9405400321405232,0.4040114560561154,0.97025655553394,0.7716026812435262,Past
Cuba,2017,1.0459764103583848,3.578014069051771,1.1073261075927836,1.9104388623343134,Past
Cuba,2018,1.0989004951096182,0.06496080669464986,1.1224610630626206,0.7621074549556296,Past
Cuba,2019,1.4949992525003737,0.7864076579184939,1.3479424936059845,1.2097831346749508,Past
Cuba,2020,1.0468223923670927,-1.0965163741418887e-15,0.2741949684697851,0.4403391202789589,Past
Cuba,2021,1.2180377418772663,-20.0,3.1181027679242135,-5.22128649673284,Forecast
Cuba,2022,1.0910820908091403,-3.682002518200145,0.4566636955082007,-0.7114189106276013,Forecast
Cuba,2023,1.133276179601619,0.36016120091645676,1.9521434085097884,1.1485269296759546,Forecast
Cuba,2024,1.090449175126514,3.5314951814369047,0.6099248568917663,1.743956404485062,Forecast
Cuba,2025,1.098334257098955,0.23490800587536725,1.5118823767943512,0.9483748799228912,Forecast
Cuba,2026,1.0808729528677679,0.38942143323736494,0.7292773042988294,0.7331905634679874,Forecast
Cuba,2027,1.079771402195294,1.053054335988329,1.2971916525754397,1.143339130253021,Forecast
Cuba,2028,1.0710454461339336,-2.8498487846457996,0.8168647543014542,-0.32064619473680395,Forecast
Cuba,2029,1.0679670765936569,-2.7561923543799844,1.1795529952781514,-0.1695574275027254,Forecast
Cuba,2030,1.0626959084741692,0.38885840111083286,0.8783794851507196,0.7766445982452406,Forecast
Dominica,2012,0.7499812504687382,0.0,1.0014063289161281,0.5837958597949554,Past
Dominica,2013,1.333288890370321,20.0,0.9999998595505815,7.444429583306967,Past
Dominica,2014,0.7499812504687382,0.22251305988048958,0.9999998595505815,0.6574980566332698,Past
Dominica,2015,0.6666444451851605,1.306143966533145e-16,0.9999998595505815,0.5555481015785807,Past
Dominica,2016,1.99990000499975,2.2204460487572752e-10,1.0561796269410635,1.0186932107209528,Past
Dominica,2017,0.7499812504687382,20.0,0.9999998670212943,7.249993705830011,Past
Dominica,2018,0.6666444451851605,0.12368023199998256,0.9587764682478102,0.5830337151443178,Past
Dominica,2019,0.999950002499875,5.451216188282811,0.9999998613037641,2.48372201736215,Past
Dominica,2020,1.99990000499975,1.9869761081685005e-16,0.9999998613037641,0.9999666221011715,Past
Dominica,2021,0.8632765952227488,20.0,1.001090800074723,7.288122465099158,Forecast
Dominica,2022,1.0406003506211363,0.4842460792743798,1.0024330951653566,0.8424265083536243,Forecast
Dominica,2023,0.9874294376339582,1.8883554956955761,1.0017744397326835,1.2925197910207393,Forecast
Dominica,2024,1.0013640500435228,0.824865433510468,1.002088652005246,0.942772711853079,Forecast
Dominica,2025,0.997564893227597,1.276103703059423,1.00193005390577,1.0918662167309299,Forecast
Dominica,2026,0.9985859660650787,0.9775047169085465,1.0020013150519864,0.9926973326752039,Forecast
Dominica,2027,0.9983065552458793,1.1294827894078392,1.00196087210398,1.0432500722525662,Forecast
Dominica,2028,0.9983787092943944,1.0303809165199822,1.0019747501764695,1.0102447919969488,Forecast
Dominica,2029,0.9983558614282247,1.0805176630415274,1.0019622465425708,1.0269452570041075,Forecast
Dominica,2030,0.9983586756773958,1.0450430109168927,1.0019625893402881,1.0151214253115255,Forecast
Jamaica,2012,1.0444421234619479,0.013544016530020622,1.0031469526576424,0.687044364216537,Past
Jamaica,2013,0.9148916704432545,-6.476247008255053e-15,0.7960890850560589,0.5703269184997689,Past
Jamaica,2014,1.0697649540349907,20.0,1.0262708390086583,7.365345264347883,Past
Jamaica,2015,0.9999978260916824,1.522318312762659,1.0307180208534747,1.1843447199026054,Past
Jamaica,2016,1.0869541587953069,0.19979542902835062,2.0070780826142047,1.0979425568126207,Past
Jamaica,2017,1.1999976000047998,0.05119453633705701,1.173235159480077,0.8081424319406446,Past
Jamaica,2018,1.1499980833365278,20.0,0.9999999947265729,7.383332692687699,Past
Jamaica,2019,0.9420276202498258,0.002410663607335847,1.195116800110126,0.713185027989096,Past
Jamaica,2020,0.9846138698248156,-7.363347628925453e-14,0.9999999955875215,0.6615379551374212,Past
Jamaica,2021,1.016847772977701,-20.0,1.0515952621131182,-5.977185654969727,Forecast
Jamaica,2022,1.0261621580246012,1.8656977173001519,1.0571044025927234,1.3163214259724922,Forecast
Jamaica,2023,1.0283035129507259,1.4756856710400401,1.0552661588800571,1.1864184476236077,Forecast
Jamaica,2024,1.0283448482799837,1.3210652556802633,1.0525653531524146,1.133991819037554,Forecast
Jamaica,2025,1.0278031813172699,1.2431928352779686,1.0499703671418186,1.1069887945790189,Forecast
Jamaica,2026,1.027121082902986,1.195599032447496,1.0475968730839522,1.090105662811478,Forecast
Jamaica,2027,1.026425402251376,1.1636020111515066,1.0454350763054776,1.0784874965694533,Forecast
Jamaica,2028,1.0257510399599945,1.1405992625587074,1.0434605627793496,1.0699369550993507,Forecast
Jamaica,2029,1.0251062949486192,1.123267961098102,1.0416504304095398,1.063341562152087,Forecast
Jamaica,2030,1.0244918905511273,1.1097404821231,1.0399850391683088,1.0580724706141786,Forecast
Canada,2012,1.0169154202910693,20.0,0.9663940812239181,7.327769833838329,Past
Canada,2013,1.0469165511392529,0.0,0.9938677957583193,0.6802614489658575,Past
Canada,2014,0.9876581648110186,0.0,0.18891436673813208,0.39219084384971686,Past
Canada,2015,1.012301941105229,0.0,6.453561888869489,2.488621276658239,Past
Canada,2016,1.0231064213252483,0.0,0.1885245472195338,0.4038769895149274,Past
Canada,2017,1.020124634476327,0.0,0.8591079616029397,0.6264108653597557,Past
Canada,2018,0.9838320717823024,0.0,6.280996279716578,2.4216094504996266,Past
Canada,2019,0.984616818822529,0.0,1.0338351091938405,0.6728173093387898,Past
Canada,2020,1.0176386889102924,0.0,1.0019018964069013,0.6731801951057313,Past
Canada,2021,1.010029696199182,20.0,1.0858053626940591,7.365278352964414,Forecast
Canada,2022,1.0096323923167565,1.5639995182080166,1.0430118976589986,1.2055479360612573,Forecast
Canada,2023,1.009528354055279,1.5151514831360997,1.057328911889573,1.1940029163603174,Forecast
Canada,2024,1.0094379262772213,1.2834589652420578,1.0471283986837923,1.1133417634010236,Forecast
Canada,2025,1.0093496644264977,1.2452766524497505,1.0481636263894087,1.1009299810885522,Forecast
Canada,2026,1.0092630570987986,1.1860941969937755,1.0445471366846633,1.0799681302590791,Forecast
Canada,2027,1.0091780403328379,1.1619776579996122,1.0432734249430573,1.0714763744251692,Forecast
Canada,2028,1.0090945699813412,1.1369742260084454,1.0411988300782804,1.062422542022689,Forecast
Canada,2029,1.009012604202002,1.121654461093189,1.0396938277077081,1.0567869643342995,Forecast
Canada,2030,1.0089321026765816,1.1078757236068584,1.0381222719451524,1.0516433660761975,Forecast
Guatemala,2012,1.1292773518484123,13.0277106171569,2.8537812222506855,5.670256397085333,Past
Guatemala,2013,1.084174901654057,0.312710506776981,1.0869659932219167,0.8279504672176516,Past
Guatemala,2014,1.0652172258979462,1.3588434603830235,0.47116237231930175,0.9650743528667571,Past
Guatemala,2015,0.9781339682020453,0.0008343762689037674,1.6478117929129077,0.8755933791279523,Past
Guatemala,2016,1.0670639244316058,20.0,1.3824014884084193,7.483155137613341,Past
Guatemala,2017,1.2234635162760452,0.05963938560059736,1.0485481939163108,0.7772170319309845,Past
Guatemala,2018,1.0319633525155991,13.313938007048836,0.28199039328512576,4.875963917616521,Past
Guatemala,2019,0.91814149135603,3.2838425079613534,3.5988133902415056,2.6002657965196296,Past
Guatemala,2020,1.0855420378865015,0.0,0.999973409098175,0.6951718156615588,Past
Guatemala,2021,1.1587189973611038,20.0,0.8810738256285293,7.3465976076632105,Forecast
Guatemala,2022,1.0227429949460312,0.10816907689929209,0.568543245898327,0.56648510591455,Forecast
Guatemala,2023,0.9704266168357473,6.847630180114337,2.5115924390244624,3.4432164119915156,Forecast
Guatemala,2024,1.0616714985102573,0.1957086499962159,0.7391767202376495,0.6655189562480409,Forecast
Guatemala,2025,1.097294028224253,3.7176436107457604,0.9770938821676776,1.9306771737125636,Forecast
Guatemala,2026,1.0252571535459705,0.2512696701870809,0.8385393483257959,0.7050220573529491,Forecast
Guatemala,2027,0.9974994333737863,2.7653893266282292,1.8206131134130374,1.8611672911383508,Forecast
Guatemala,2028,1.0471881078585505,0.2557686090202119,0.624716969534651,0.6425578954711378,Forecast
Guatemala,2029,1.0652762158584372,2.4459510311264654,1.2093379329938831,1.5735217266595953,Forecast
Guatemala,2030,1.0255774861883853,0.15626683700822883,0.9378486540736682,0.7065643257567608,Forecast
Bahamas,2012,0.0,0.0,1.5999968000064,0.5333322666688,Past
Bahamas,2013,0.0,0.0,1.1249985937517577,0.3749995312505859,Past
Bahamas,2014,0.0,0.0,1.4222206419770644,0.4740735473256881,Past
Bahamas,2015,0.0,0.0,1.0156242065435888,0.33854140218119627,Past
Bahamas,2016,0.0,0.0,1.1153837573971097,0.37179458579903657,Past
Bahamas,2017,0.0,20.0,0.96551657550581,6.988505525168603,Past
Bahamas,2018,0.0,5.4997250137493126,0.9785707295923362,2.1594319144472163,Past
Bahamas,2019,0.0,5.090862810338089,1.6715316266192506,2.2541314789857796,Past
Bahamas,2020,0.0,20.0,1.2096064586871358,7.069868819562379,Past
Bahamas,2021,0.0,1.9976215743384735,1.108238012912975,1.0352865290838162,Forecast
Bahamas,2022,0.0,1.4997250826496769,1.0867967151977047,0.8621739326157938,Forecast
Bahamas,2023,0.0,1.333422203864623,1.078012363380592,0.8038115224150717,Forecast
Bahamas,2024,0.0,1.2502063885462582,1.0720486102263844,0.7740849995908808,Forecast
Bahamas,2025,0.0,1.2002556695068265,1.0671514857771303,0.7558023850946523,Forecast
Bahamas,2026,0.0,1.1669459238623032,1.0629163612639756,0.7432874283754263,Forecast
Bahamas,2027,0.0,1.1431484085476562,1.0591905274047404,0.7341129786507988,Forecast
Bahamas,2028,0.0,1.1252973995577764,1.0558824925670802,0.727059964041619,Forecast
Bahamas,2029,0.0,1.111411404514307,1.0529248545247072,0.7214454196796715,Forecast
Bahamas,2030,0.0,1.1003012872986389,1.0502645887591409,0.7168552920192598,Forecast
Haiti,2012,1.8333180556828694,0.3866538829293141,1.0054262033007841,1.0751327139709892,Past
Haiti,2013,0.6363607438148009,1.1494631585909862,1.0043523502027794,0.9300587508695223,Past
Haiti,2014,0.6428525510532067,0.05818965099212281,1.0019067255693062,0.5676496425382119,Past
Haiti,2015,0.8888790124554172,20.0,1.0155709166856244,7.301483309713681,Past
Haiti,2016,0.874989062636717,0.1748336322880897,0.9916524532938253,0.6804917160728774,Past
Haiti,2017,1.8571163269096154,3.01960749485496,1.009104947447089,1.9619429230705545,Past
Haiti,2018,1.5384497042330443,0.028265850715590058,1.3740210865845917,0.9802455471777419,Past
Haiti,2019,0.8499957500212499,20.0,0.9999999876099618,7.283331912543737,Past
Haiti,2020,0.6470550173234275,0.00835231565800242,0.9999999876099618,0.5518024401971305,Past
Haiti,2021,1.003433355447756,20.0,1.0334023976746844,7.34561191770748,Forecast
Haiti,2022,1.182515071693743,-0.05348194606917121,1.0315488385172575,0.7201939880472764,Forecast
Haiti,2023,1.104888479663189,-20.0,1.0306019128273816,-5.954836535836477,Forecast
Haiti,2024,1.1129589593801297,-0.20151108236413662,1.029692825153589,0.647046900723194,Forecast
Haiti,2025,0.9290446737819086,-2.7318157827728027,1.028836594851096,-0.2579781713799327,Forecast
Haiti,2026,0.8088268832396596,-0.2456415733007688,1.0280283520785503,0.5304045540058137,Forecast
Haiti,2027,1.0395694757315435,-5.485153154568131,1.0272641817096237,-1.1394398323756547,Forecast
Haiti,2028,1.1663880381016773,-0.513572671300753,1.026540574391767,0.5597853137308971,Forecast
Haiti,2029,1.0054570660670887,-1.0962216927775843,1.0258543839310696,0.3116965857401914,Forecast
Haiti,2030,0.9728387816585651,-0.6346444892766997,1.025202781299728,0.45446569122719777,Forecast
United States of America,2012,0.9999997613365724,0.18711212966834886,0.46252065383479113,0.5498775149465708,Past
United States of America,2013,0.9999997613365724,1.592912240212983,3.364205859261464,1.985705953603673,Past
United States of America,2014,0.9999997613365724,0.0,1.1026823003719186,0.700894020569497,Past
United States of America,2015,0.9999997613365724,0.0,1.0359078992646291,0.6786358868670672,Past
United States of America,2016,0.9999997613365724,0.0,1.7852643566007997,0.9284213726457907,Past
United States of America,2017,0.9999997613365724,0.0,1.0678305656162665,0.6892767756509462,Past
United States of America,2018,0.9999997613365724,0.0,1.0661629445492073,0.6887209019619266,Past
United States of America,2019,0.9999997613365724,0.0,0.21396193128595653,0.40465389754084297,Past
United States of America,2020,0.9999997613365724,0.0,5.3999580099554345,2.1333192570973356,Past
United States of America,2021,0.9999997613365724,-20.0,0.29893414408533375,-6.233688698192698,Forecast
United States of America,2022,0.9999997613365724,-0.5018118049626329,3.1951882759036545,1.231125410759198,Forecast
United States of America,2023,0.9999997613365724,-0.4536556739703205,0.4146870744071411,0.32034372059113103,Forecast
United States of America,2024,0.9999997613365724,-4.537153023443086,2.335735974895543,-0.40047242907032343,Forecast
United States of America,2025,0.9999997613365724,0.5020997310441945,0.5187658783565343,0.673621790245767,Forecast
United States of America,2026,0.9999997613365724,3.0605200491300564,1.8899775818782665,1.9834991307816319,Forecast
United States of America,2027,0.9999997613365724,0.7838334021656681,0.6097916565265133,0.7978749400095847,Forecast
United States of America,2028,0.9999997613365724,1.736224419337271,1.6244783810687415,1.4535675205808616,Forecast
United States of America,2029,0.9999997613365724,0.9041912100354069,0.6875180505698512,0.8639030073139434,Forecast
United States of America,2030,0.9999997613365724,1.4067972015175354,1.453087260423585,1.2866280744258975,Forecast
Australia,2012,0.9743870847278784,0.0,1.4251894044393072,0.7998588297223952,Past
Australia,2013,1.2842658173388728,0.0,1.1127953174846332,0.799020378274502,Past
Australia,2014,1.0570175129527042,0.0,1.106472838700288,0.7211634505509975,Past
Australia,2015,0.9161825472701923,0.0,1.067038317622607,0.6610736216309331,Past
Australia,2016,1.1597221872064558,0.0,1.0452711760859208,0.7349977877641255,Past
Australia,2017,1.0614423050913226,0.0,1.066317345404299,0.7092532168318738,Past
Australia,2018,1.0529801066230045,0.0,1.116127535796445,0.7230358808064832,Past
Australia,2019,1.244118303188486,0.0,1.250401604424396,0.8315066358709607,Past
Australia,2020,1.1980902228404753,0.0,0.9667997638892434,0.7216299955765729,Past
Australia,2021,1.1551636412698876,0.0,1.1049435068643951,0.7533690493780942,Forecast
Australia,2022,1.2202279311506212,0.0,1.0524630983991212,0.7575636765165807,Forecast
Australia,2023,1.1704287568882035,0.0,1.063471186262684,0.7446333143836291,Forecast
Australia,2024,1.131955501139959,0.0,1.0553626812637062,0.7291060608012216,Forecast
Australia,2025,1.1599302515726984,0.0,1.0538390833304436,0.7379231116343806,Forecast
Australia,2026,1.1283285060665078,0.0,1.0506466784870843,0.7263250615178641,Forecast
Australia,2027,1.1024791739706383,0.0,1.0483470760984948,0.7169420833563777,Forecast
Australia,2028,1.1186463569574698,0.0,1.0460718045653683,0.7215727205076128,Forecast
Australia,2029,1.0985330469188181,0.0,1.0440573897371919,0.71419681221867,Forecast
Australia,2030,1.0809819626318418,0.0,1.0421934931886678,0.7077251519401698,Forecast
Fiji,2012,1.107140880105571,10.998900109989002,1.3242968880523565,4.476779292715643,Past
Fiji,2013,0.9838693808558373,20.0,0.9965517186833514,7.32680703317973,Past
Fiji,2014,0.868851034670435,1.4161355804383056,1.002910962800511,1.095965859303084,Past
Fiji,2015,0.9999981132111071,0.254872525506368,1.0078313197818658,0.754233986166447,Past
Fiji,2016,1.1320733357106871,0.11176464013844707,1.0108677878016206,0.7515685878835848,Past
Fiji,2017,1.066664888891852,0.2631565097025811,1.0779981665430405,0.8026065217124912,Past
Fiji,2018,1.1093732666042708,20.0,1.0116684900186073,7.37368058554096,Past
Fiji,2019,0.9999985915512795,0.02139037051865055,1.0002464461738643,0.6738784694145981,Past
Fiji,2020,0.9859141043463319,9.251781440364294e-16,1.0007391662113085,0.662217756852547,Past
Fiji,2021,1.009530534139542,-20.0,1.0134912065036132,-5.992326086452281,Forecast
Fiji,2022,1.0182794963199018,-0.5715069293709075,1.0146651197869152,0.4871458955786365,Forecast
Fiji,2023,1.021203360903195,-0.2362914545538055,1.0145966509947075,0.5998361857813657,Forecast
Fiji,2024,1.021956148376143,1.9356374069929485,1.014401866615408,1.3239984739948332,Forecast
Fiji,2025,1.021921777805199,6.065668064879487,1.014199010677598,2.7005962844540945,Forecast
Fiji,2026,1.0216118395100116,0.3058718408793678,1.0140003924140526,0.7804946909344773,Forecast
Fiji,2027,1.021213423517628,1.2487605346612431,1.0138071058547529,1.094593688011208,Forecast
Fiji,2028,1.0207943084351514,0.800367426449934,1.013619067834259,0.9449269342397814,Forecast
Fiji,2029,1.0203786059383573,3.953618888681287,1.0134360810817715,1.9958111919004715,Forecast
Fiji,2030,1.0199744953291756,0.7548025155459173,1.0132579462051963,0.9293449856934298,Forecast
New Zealand,2012,0.9463531963124414,0.0,1.0022560795484534,0.649536425286965,Past
New Zealand,2013,1.0133757639052305,0.0,1.0129505655256306,0.6754421098102871,Past
New Zealand,2014,1.0685103372561175,0.0,1.0292929291444022,0.69926775546684,Past
New Zealand,2015,1.0270587933218003,0.0,0.9992990325249825,0.6754526086155943,Past
New Zealand,2016,1.0366551822263694,0.0,1.008136924662158,0.6815973689628425,Past
New Zealand,2017,0.9759668238683197,0.0,0.9841358195123663,0.653367547793562,Past
New Zealand,2018,1.0274553912410023,0.0,1.0036764704463126,0.6770439538957715,Past
New Zealand,2019,0.9909090636113207,0.0,1.0162017468278104,0.6690369368130437,Past
New Zealand,2020,0.9666388388479613,0.0,1.01943019533905,0.6620230113956705,Past
New Zealand,2021,0.9892451159540373,0.0,1.0098512899070158,0.666365468620351,Forecast
New Zealand,2022,0.9968531615664511,0.0,1.0082274528933268,0.6683602048199259,Forecast
New Zealand,2023,0.9993358864214301,0.0,1.0079494897360786,0.6690951253858363,Forecast
New Zealand,2024,1.0001377667170093,0.0,1.0078576923498097,0.6693318196889396,Forecast
New Zealand,2025,1.0003957870263989,0.0,1.0077924129877593,0.6693960666713861,Forecast
New Zealand,2026,1.0004785985320133,0.0,1.007731606162553,0.6694034015648554,Forecast
New Zealand,2027,1.0005050443315495,0.0,1.0076722104835771,0.6693924182717089,Forecast
New Zealand,2028,1.0005133652503564,0.0,1.007613785265171,0.669375716838509,Forecast
New Zealand,2029,1.0005158589278942,0.0,1.0075562521121275,0.669357370346674,Forecast
New Zealand,2030,1.0005164793317909,0.0,1.0074995831668965,0.6693386874995625,Forecast
Samoa,2012,0.7999840003199935,0.0,0.7113401497747701,0.5037747166982546,Past
Samoa,2013,0.7499812504687382,20.0,1.0167222946797887,7.255567848382842,Past
Samoa,2014,0.9999666677777407,6.8938414238128605,1.460526155644062,3.1181114157448877,Past
Samoa,2015,1.333288890370321,0.00030797658429385365,1.072822742280575,0.8021398697450633,Past
Samoa,2016,1.2499687507812305,-1.9895288740583879e-13,1.17144848345357,0.8071390780782005,Past
Samoa,2017,0.999980000399992,20.0,1.5896056398085041,7.529861880069499,Past
Samoa,2018,1.1999760004799902,-8.665151087244602e-16,1.0060127393456317,0.7353295799418736,Past
Samoa,2019,0.9999833336111065,-1.776356842555694e-09,1.074336904208558,0.6914400786811026,Past
Samoa,2020,0.9999833336111065,-1.776356842555694e-09,0.9999999652294865,0.666661099021412,Past
Samoa,2021,1.0119851748816568,-20.0,1.054719754056211,-5.977765023687376,Forecast
Samoa,2022,1.015785991780606,1.7214796804870462,1.0563168639016816,1.2645275120564445,Forecast
Samoa,2023,1.0168309441896217,1.4805303876758575,1.0536734393677176,1.1836782570777322,Forecast
Samoa,2024,1.0169740448041278,1.3149140012765521,1.0509684861501203,1.1276188440769335,Forecast
Samoa,2025,1.0168284188536307,1.2436360830683355,1.048499052854647,1.1029878515922042,Forecast
Samoa,2026,1.0165947580229693,1.1960677293707904,1.0462558875147443,1.0863061249695014,Forecast
Samoa,2027,1.01633837035901,1.1647189062291023,1.044210888949922,1.0750893885126782,Forecast
Samoa,2028,1.0160803046540252,1.141827615524653,1.0423390425065637,1.0667489875617473,Forecast
Samoa,2029,1.0158271670689407,1.1245733362582746,1.0406192609997642,1.0603399214423266,Forecast
Samoa,2030,1.0155808622664464,1.111047751077407,1.0390337384765216,1.0552207839401249,Forecast
Marshall Islands,2012,0.9999997613365724,0.12499921875488272,0.5581388858850164,0.5610459553254904,Past
Marshall Islands,2013,0.9999997613365724,20.0,1.3749971354226347,7.458332298919736,Past
Marshall Islands,2014,0.9999997613365724,0.007874009548023985,1.5303007116655882,0.8460581608500615,Past
Marshall Islands,2015,0.9999997613365724,20.0,0.9999990099019704,7.33333292374618,Past
Marshall Islands,2016,0.9999997613365724,0.06280191719760449,1.5940578276655173,0.8856198353998982,Past
Marshall Islands,2017,0.9999997613365724,20.0,0.9999993788823734,7.333333046739649,Past
Marshall Islands,2018,0.9999997613365724,0.0,1.0124217314150736,0.6708071642505486,Past
Marshall Islands,2019,0.9999997613365724,0.0,0.9999993865034439,0.6666663826133388,Past
Marshall Islands,2020,0.9999997613365724,0.0,0.9999993865034439,0.6666663826133388,Past
Marshall Islands,2021,0.9999997613365724,-20.0,1.0634751198751904,-5.978841706262746,Forecast
Marshall Islands,2022,0.9999997613365724,1.557789122007928,1.0518650477621265,1.2032179770355425,Forecast
Marshall Islands,2023,0.9999997613365724,1.4836608667552826,1.0509020241877358,1.1781875507598636,Forecast
Marshall Islands,2024,0.9999997613365724,1.2885601177217718,1.0481111864894808,1.1122236885159416,Forecast
Marshall Islands,2025,0.9999997613365724,1.2367943562870256,1.0459692749236733,1.0942544641824237,Forecast
Marshall Islands,2026,0.9999997613365724,1.186865162082456,1.043935309927972,1.0769334111156668,Forecast
Marshall Islands,2027,0.9999997613365724,1.1591586607428435,1.0420890207193547,1.0670824809329236,Forecast
Marshall Islands,2028,0.9999997613365724,1.136653219872145,1.0403884895569946,1.0590138235885707,Forecast
Marshall Islands,2029,0.9999997613365724,1.120479502163658,1.0388206872602943,1.0530999835868415,Forecast
Marshall Islands,2030,0.9999997613365724,1.1074254072598824,1.0373699200866122,1.0482650295610223,Forecast
Palau,2012,0.9999997613365724,0.0,1.155170422119962,0.7183900611521782,Past
Palau,2013,0.9999997613365724,20.0,1.1194013143263963,7.373133691887656,Past
Palau,2014,0.9999997613365724,0.0,1.2133317155577126,0.7377771589647617,Past
Palau,2015,0.9999997613365724,20.0,0.9999989011001087,7.3333328874788934,Past
Palau,2016,0.9999997613365724,0.00192678190235412,1.406591860888065,0.8028394680423304,Past
Palau,2017,0.9999997613365724,-2.1334965257989384e-14,0.9999992187506104,0.6666663266957205,Past
Palau,2018,0.9999997613365724,-2.1337098759067447e-10,1.312498974610176,0.7708329119111258,Past
Palau,2019,0.9999997613365724,20.0,1.0416660466273533,7.3472219359879745,Past
Palau,2020,0.9999997613365724,-1.9308209725472534e-16,0.9999994285717552,0.6666663966361092,Past
Palau,2021,0.9999997613365724,20.0,1.117901812337385,7.372633857891319,Forecast
Palau,2022,0.9999997613365724,0.7027121792455195,1.0503833913738878,0.9176984439853267,Forecast
Palau,2023,0.9999997613365724,1.3216227732884063,1.076658115064061,1.1327602165630133,Forecast
Palau,2024,0.9999997613365724,1.0160673425494877,1.056620164146915,1.024229089344325,Forecast
Palau,2025,0.9999997613365724,1.1060458124387902,1.0611354905743013,1.055727021449888,Forecast
Palau,2026,0.9999997613365724,1.0629700734564613,1.0537208278891668,1.0388968875607334,Forecast
Palau,2027,0.9999997613365724,1.0717276577563473,1.053003041843541,1.0415768203121536,Forecast
Palau,2028,0.9999997613365724,1.0622267691366112,1.049285030798084,1.037170520423756,Forecast
Palau,2029,0.9999997613365724,1.0603662563238438,1.0475176193754323,1.0359612123452828,Forecast
Palau,2030,0.9999997613365724,1.0562505412726826,1.0450761325597766,1.0337754783896773,Forecast
Tonga,2012,0.0,0.6561982928761743,9.416588195098374,3.357595495991516,Past
Tonga,2013,0.0,2.2103271775406577,1.5486711958661985,1.2529994578022854,Past
Tonga,2014,0.0,0.14301993487065895,0.9999994285717552,0.3810064544808047,Past
Tonga,2015,0.0,5.633463891050243,1.64571334530666,2.4263924121189677,Past
Tonga,2016,0.0,0.20650635031779702,1.194444029706934,0.4669834600082437,Past
Tonga,2017,20.0,7.010271571824804,1.869185503143749,9.626485691656184,Past
Tonga,2018,0.9999000099990002,1.8075231163887095,1.0031102639019809,1.2701777967632302,Past
Tonga,2019,0.9999000099990002,0.06621621442658888,1.2015502013100463,0.7558888085785451,Past
Tonga,2020,0.9999000099990002,1.0875649679736344e-15,0.9999998709677586,0.6666332936555867,Past
Tonga,2021,1.0897142968905065,-20.0,1.1238511683077828,-5.92881151160057,Forecast
Tonga,2022,1.058739853608515,2.4468464121298945,1.0292792550753234,1.5116218402712445,Forecast
Tonga,2023,1.0618484564728832,1.5420191555492133,1.0861789589838582,1.2300155236686514,Forecast
Tonga,2024,1.056524283611681,1.360127719578426,1.0403111739162652,1.1523210590354573,Forecast
Tonga,2025,1.0539610575011646,1.2630627819865936,1.0662989804844403,1.127774273324066,Forecast
Tonga,2026,1.051068368380278,1.208639646930708,1.0432043646918314,1.1009707933342725,Forecast
Tonga,2027,1.048618076430042,1.1725418461624904,1.054769719975542,1.0919765475226912,Forecast
Tonga,2028,1.0463514939668752,1.1471708000380538,1.0426284573491584,1.0787169171180293,Forecast
Tonga,2029,1.0442979556310117,1.1282858125386042,1.0474335628246196,1.0733391103314118,Forecast
Tonga,2030,1.042415603475085,1.1137008170714655,1.0406949712301423,1.0656037972588976,Forecast
Vanuatu,2012,0.9999000099990002,20.0,0.9134830434288717,7.304461017809291,Past
Vanuatu,2013,1.9998000199980004,1.56065522601468,1.024600119975385,1.5283517886626885,Past
Vanuatu,2014,0.999950002499875,1.7941172701434305,1.075630122973575,1.2898991318722934,Past
Vanuatu,2015,0.999950002499875,0.8512879565236586,0.9720981057926222,0.9411120216053853,Past
Vanuatu,2016,0.999950002499875,0.0,1.151549810384637,0.7171666042948374,Past
Vanuatu,2017,0.4999750012499375,20.0,1.0618144504671536,7.187263150572363,Past
Vanuatu,2018,1.9998000199980004,0.10073156439327151,1.1436618644448955,1.0813978162787226,Past
Vanuatu,2019,0.999950002499875,0.08379883586657164,1.0180623137879874,0.7006037173848113,Past
Vanuatu,2020,0.999950002499875,5.1332991113392845,0.9959676616155112,2.3764055918182234,Past
Vanuatu,2021,1.069695227702825,0.5295025281779858,1.0147130076913322,0.871303587857381,Forecast
Vanuatu,2022,1.0430220631057179,1.2433217683888906,1.0058391390444477,1.0973943235130188,Forecast
Vanuatu,2023,1.0484465064253414,0.76799795169072,1.0098382805408612,0.9420942462189742,Forecast
Vanuatu,2024,1.043874880587273,0.9595568644183177,1.0078717617263435,1.0037678355773114,Forecast
Vanuatu,2025,1.0427869690332383,0.8297482321805173,1.0086796573425474,0.9604049528521009,Forecast
Vanuatu,2026,1.0407830711593054,0.8673498152382461,1.0082012569272847,0.9721113811082788,Forecast
Vanuatu,2027,1.0392639520008082,0.8077741309346808,1.0083221028635487,0.9517867285996792,Forecast
Vanuatu,2028,1.037752896632381,0.7848823189725588,1.0081662885212528,0.9436005013753975,Forecast
Vanuatu,2029,1.0363867863389966,0.7122471758666928,1.0081406199269953,0.918924860710895,Forecast
Vanuatu,2030,1.0351052743368725,0.6050186523682907,1.0080560770011076,0.8827266679020903,Forecast
Kiribati,2012,0.0,0.0,1.0930207139053165,0.36434023796843884,Past
Kiribati,2013,0.0,20.0,1.0638275237712262,7.021275841257076,Past
Kiribati,2014,0.0,0.9234040588502002,1.6799966400067199,0.8678002329523067,Past
Kiribati,2015,0.0,0.0,2.749996726194374,0.9166655753981247,Past
Kiribati,2016,0.0,0.0,1.2424237045784827,0.4141412348594942,Past
Kiribati,2017,0.0,0.0,0.9999996515680656,0.3333332171893552,Past
Kiribati,2018,0.0,20.0,0.9999996515680656,6.999999883856021,Past
Kiribati,2019,0.0,0.0,0.9999996515680656,0.3333332171893552,Past
Kiribati,2020,0.0,0.0,0.9999996515680656,0.3333332171893552,Past
Kiribati,2021,0.0,20.0,1.0436219446148616,7.014540648204954,Forecast
Kiribati,2022,0.0,-0.5205065919088423,1.060973580344067,0.18015566281174156,Forecast
Kiribati,2023,0.0,5.238501681161301,1.0657603166250538,2.101420665928785,Forecast
Kiribati,2024,0.0,1.1882199239347346,1.0652714115322492,0.7511637784889946,Forecast
Kiribati,2025,0.0,1.0133578159845966,1.062808887917455,0.6920555679673507,Forecast
Kiribati,2026,0.0,1.359512814052414,1.0597603891391632,0.8064244010638589,Forecast
Kiribati,2027,0.0,1.3365774049405608,1.0566776007292633,0.7977516685566081,Forecast
Kiribati,2028,0.0,1.1238134607756822,1.053762199565381,0.7258585534470211,Forecast
Kiribati,2029,0.0,1.07728106897664,1.0510735479607018,0.709451538979114,Forecast
Kiribati,2030,0.0,1.1427460266068712,1.048615468287267,0.7304538316313794,Forecast
Argentina,2012,0.9537465015804348,3.699682302921133,5.459777893170358,3.371068899223976,Past
Argentina,2013,1.13255735103274,0.1866219162245476,1.0404154016425033,0.7865315562999303,Past
Argentina,2014,0.9811589785566949,20.0,1.009799360741081,7.3303194464325925,Past
Argentina,2015,0.988361914798897,0.04453518452134297,0.35880262160907633,0.46389990697643874,Past
Argentina,2016,0.9131586425328632,2.2777018822024786,2.8987370269963977,2.0298658505772464,Past
Argentina,2017,1.0767246590353108,2.014270858593417,1.0522535887746927,1.3810830354678068,Past
Argentina,2018,1.0470059566764685,0.9682867273248393,0.9473211233378903,0.9875379357797326,Past
Argentina,2019,0.9902773522940421,0.8584370050656124,1.1140323484227521,0.9875822352608022,Past
Argentina,2020,1.0698815746496801,0.19594594547811567,2.067593275127812,1.1111402650852027,Past
Argentina,2021,0.9984315789325419,3.342347558903989,1.0210589469507032,1.7872793615957445,Forecast
Argentina,2022,1.0186392012573273,0.6954973030103907,1.100904299546247,0.9383469346046551,Forecast
Argentina,2023,1.0123126155646769,1.3156762735810308,1.0795872652450276,1.135858718130245,Forecast
Argentina,2024,1.0139466403684503,0.9413908747125551,1.0755701952359333,1.0103025701056463,Forecast
Argentina,2025,1.013224067787848,1.1030575792673842,1.0699759078668405,1.062085851640691,Forecast
Argentina,2026,1.0132095002932466,1.0153037515199734,1.0654435508395652,1.0313189342175952,Forecast
Argentina,2027,1.0129902312342691,1.055184800332277,1.0614169217994662,1.0431973177886709,Forecast
Argentina,2028,1.0128376618342116,1.0324825858752982,1.057864212021144,1.034394819910218,Forecast
Argentina,2029,1.0126707709037792,1.0414655388131582,1.0546989252928456,1.0362784116699275,Forecast
Argentina,2030,1.0125134744512678,1.0348068542057338,1.0518621490810696,1.0330608259126903,Forecast
Brazil,2012,0.9836909478636205,2.5279715855298255,1.0344349001396997,1.5153658111777153,Past
Brazil,2013,0.9605523528727025,0.2385546156279421,0.21281692798761837,0.470641298829421,Past
Brazil,2014,0.9862192084373702,0.9201046383101349,5.203808973228371,2.3700442733252918,Past
Brazil,2015,0.9953344761261445,1.1096603176478852,0.17339034884133725,0.7594617142051222,Past
Brazil,2016,1.0805951328546557,0.6594072367833648,1.3396183171879887,1.0265402289420031,Past
Brazil,2017,1.0022228435111835,1.7348496223220646,0.2215626986772228,0.9862117215034902,Past
Brazil,2018,1.0608527108939434,0.4712891868194171,6.071542790944418,2.5345615628859264,Past
Brazil,2019,1.0404538605925915,1.224111900895245,1.515698435101799,1.2600880655298785,Past
Brazil,2020,1.0144755047611629,5.3621890572304616e-05,1.191090411000492,0.7352065125507424,Past
Brazil,2021,1.029404817778655,20.0,0.7792816128404393,7.269562143539698,Forecast
Brazil,2022,1.0210017303547454,-4.650849492638623,1.043850854353314,-0.8619989693101878,Forecast
Brazil,2023,1.0243800120846522,1.634999987342799,0.8365538310132897,1.1653112768135803,Forecast
Brazil,2024,1.0218864988416925,1.532281926422308,0.9656016025819146,1.1732566759486385,Forecast
Brazil,2025,1.0223808051137315,1.3092826821228742,0.8550985477016061,1.0622540116460706,Forecast
Brazil,2026,1.0214063355340646,1.2480260092338384,0.9143100635639383,1.0612474694439473,Forecast
Brazil,2027,1.0212017175434334,1.1948983080641888,0.8462273348938949,1.0207757868338392,Forecast
Brazil,2028,1.020638630163426,1.1644110676747186,0.8647992415521103,1.0166163131300852,Forecast
Brazil,2029,1.02028323254099,1.1407430508312741,0.8084066762556248,0.9898109865426296,Forecast
Brazil,2030,1.0198487736226172,1.1235397362885546,0.7915846235014079,0.9783243778041933,Forecast
Chile,2012,0.9786121207883973,14.65474953079309,1.0265760094738134,5.5533125536851005,Past
Chile,2013,0.9796017008449879,1.3468719181243747,0.1296974738640622,0.8187236976111416,Past
Chile,2014,1.2612790648845282,0.9343067305405633,9.339594279534412,3.8450600249865006,Past
Chile,2015,1.076257819329488,0.08965888312958724,0.9164342392794573,0.6941169805795108,Past
Chile,2016,0.8864134080930092,2.6487511901089835,1.0520125719690214,1.5290590567236713,Past
Chile,2017,1.2080757639853414,0.6972311974903168,0.8878984079384715,0.9310684564713766,Past
Chile,2018,1.1217598526002779,-2.716401538237976e-16,1.4848701611748072,0.8688766712583617,Past
Chile,2019,0.9799330805736369,-5.684342209198247e-08,0.9433800969395743,0.6411043735565963,Past
Chile,2020,1.0567793652876403,20.0,0.9647647225720286,7.340514695953222,Past
Chile,2021,1.1782779909991867,-20.0,1.0717871388474949,-5.916644956717772,Forecast
Chile,2022,0.9805337110079309,4.75163307654064,1.0137054879519596,2.24862409183351,Forecast
Chile,2023,1.0274745058064403,1.7403303895790911,1.0412248147711038,1.269676570052212,Forecast
Chile,2024,1.1268815436979032,1.2994831112196084,1.025565729699678,1.1506434615390633,Forecast
Chile,2025,1.044917636230397,1.1429450428000119,1.032138682367864,1.0733337871327577,Forecast
Chile,2026,0.9738414018739002,1.154293489369323,1.0274552465950106,1.0518633792794114,Forecast
Chile,2027,1.112263900641365,1.1783642317640757,1.0286111436832315,1.1064130920295574,Forecast
Chile,2028,1.0585375398825279,1.1680872097382073,1.0268469050802724,1.0844905515670027,Forecast
Chile,2029,0.9862347188061966,1.1299252003691436,1.026642165692605,1.0476006949559817,Forecast
Chile,2030,1.051662397656409,1.101900810045507,1.025695486042741,1.0597528979148858,Forecast
Colombia,2012,0.974800225879938,2.358971334652135,1.0229604778617616,1.452244012797945,Past
Colombia,2013,1.0609499566845322,0.17391294896035386,1.010176005926634,0.7483463038571734,Past
Colombia,2014,0.952060203009901,20.0,0.04234717661925365,6.998135793209717,Past
Colombia,2015,1.0195588635131323,0.41996743678843484,3.298589958077034,1.5793720861262004,Past
Colombia,2016,1.0110203875301962,20.0,1.0240076680934405,7.345009351874545,Past
Colombia,2017,1.2392006209285302,0.1270106408431558,8.183363260650458,3.183191507474048,Past
Colombia,2018,0.9786610037683499,0.7807003259149194,1.0396667826673762,0.9330093707835485,Past
Colombia,2019,0.9039613697742782,1.057192367021197,1.0072619509620853,0.9894718959191868,Past
Colombia,2020,0.9200883645721163,-1.863718638952928e-16,0.14185101301353387,0.35397979252855,Past
Colombia,2021,0.9841638755985378,20.0,0.9999999994295721,7.328054625009369,Forecast
Colombia,2022,0.9969644370452496,0.6725013150588649,0.9999999994295721,0.8898219171778955,Forecast
Colombia,2023,0.9993244422949616,1.3583247429485017,0.9999999994295721,1.1192163948910119,Forecast
Colombia,2024,0.9997529336417668,0.9973045871707045,0.9999999994295721,0.9990191734140144,Forecast
Colombia,2025,0.9998304995635926,1.1117262036629856,0.9999999994295721,1.03718556755205,Forecast
Colombia,2026,0.9998445179406976,1.0564208199498244,0.9999999994295721,1.0187551124400314,Forecast
Colombia,2027,0.999847035646093,1.0712745272102953,0.9999999994295721,1.0237071874286536,Forecast
Colombia,2028,0.9998474722098761,1.059390349729968,0.9999999994295721,1.0197459404564722,Forecast
Colombia,2029,0.9998475321764978,1.058947867305145,0.9999999994295721,1.0195984663037383,Forecast
Colombia,2030,0.9998475239907102,1.054498975980668,0.9999999994295721,1.0181154998003168,Forecast
Ecuador,2012,1.0990358370696023,0.06707193498715319,9.433936443899066,3.5333480719852735,Past
Ecuador,2013,0.9138755252092885,12.592899826552111,1.0086025654042536,4.8384593057218845,Past
Ecuador,2014,1.0549737299324842,1.5224014828693053,1.0617713736518561,1.2130488621512152,Past
Ecuador,2015,1.1364763327976566,0.06252216037796526,0.17975442011698875,0.4595843044308702,Past
Ecuador,2016,1.1914118492422237,4.242911019441996,10.57887774327076,5.337733537318326,Past
Ecuador,2017,1.248625458239129,0.27333481641542445,0.14124561668927996,0.5544019637812777,Past
Ecuador,2018,1.0303326306099494,0.024178211785433754,0.4003967339583477,0.48496919211791023,Past
Ecuador,2019,1.1965811397634787,20.0,1.0071646303080617,7.4012485900238465,Past
Ecuador,2020,0.9853174212175626,1.134065184064119,3.0219085703726796,1.7137637252181204,Past
Ecuador,2021,1.156114877296603,-0.6406908481224621,0.6906296020964476,0.40201787709019615,Forecast
Ecuador,2022,0.9984381476128958,1.1195315368137222,1.3028851339406042,1.1402849394557408,Forecast
Ecuador,2023,1.1155403997492261,0.9341339906267513,0.9270559471273748,0.9922434458344508,Forecast
Ecuador,2024,1.0137175304154218,2.5019295537666286,1.0959142266055908,1.5371871035958804,Forecast
Ecuador,2025,1.0894049778726191,1.254953614661441,1.0030864758584686,1.1158150227975094,Forecast
Ecuador,2026,1.0224526339461126,1.0619194809286652,1.047686500081329,1.0440195383187023,Forecast
Ecuador,2027,1.0718676487713326,1.30293490929847,1.0229503375239581,1.1325842985312535,Forecast
Ecuador,2028,1.0271935734397475,1.1792849467352935,1.0341262696958415,1.0802015966236276,Forecast
Ecuador,2029,1.0596854972385539,1.0807458320284669,1.0270087618601178,1.0558133637090463,Forecast
Ecuador,2030,1.0294966825685756,1.141862819501119,1.0293902024507204,1.0669165681734716,Forecast
Paraguay,2012,1.045223469847091,0.0,0.9999999988655958,0.6817411562375623,Past
Paraguay,2013,1.0040248028840382,20.0,1.0448089651456474,7.349611256009896,Past
Paraguay,2014,0.9158175895136531,0.0,0.9999999989142473,0.6386058628093001,Past
Paraguay,2015,1.008571931268066,0.0,0.9999999989142473,0.6695239767274378,Past
Paraguay,2016,1.1446654404219632,20.0,0.9999999989142473,7.381555146445404,Past
Paraguay,2017,0.9357029867977411,0.0,0.9999999989142473,0.6452343285706629,Past
Paraguay,2018,0.9918959819028199,20.0,0.9999999989142473,7.33063199360569,Past
Paraguay,2019,0.8338723262319605,0.008890932713336889,0.9812707639559719,0.6080113409670898,Past
Paraguay,2020,0.9477444182946638,20.0,0.9999999988935238,7.315914805729396,Past
Paraguay,2021,0.9618136336599303,0.40580999215663766,0.988909724138707,0.7855111166517584,Forecast
Paraguay,2022,0.9604531172852844,3.904389325803498,0.9948234788132823,1.953221973967355,Forecast
Paraguay,2023,0.9588261959941541,0.7052593735448375,0.9915286112696543,0.8852047269362152,Forecast
Paraguay,2024,0.9570581294571041,1.9491007986430169,0.9932307680171688,1.2997965653724297,Forecast
Paraguay,2025,0.9551313885604787,0.8359032045909183,0.992222686751983,0.9277524266344601,Forecast
Paraguay,2026,0.953023625040177,1.526656688482642,0.9926837115345634,1.1574546750191275,Forecast
Paraguay,2027,0.9507080701733562,0.9053871020023417,0.9923466730898276,0.9494806150885085,Forecast
Paraguay,2028,0.9481524035338299,1.346189712745518,0.992441257228991,1.095594457836113,Forecast
Paraguay,2029,0.9453172352171479,0.9463930084916423,0.9923003521298231,0.9613368652795379,Forecast
Paraguay,2030,0.9421540611399921,1.2481701130822591,0.9922858246642413,1.0608699996288309,Forecast
Peru,2012,0.992677300106302,1.0665267622158023,1.024561770034086,1.0279219441187302,Past
Peru,2013,1.0534808181889894,1.225185242076505,0.9970657743577754,1.09191061154109,Past
Peru,2014,1.0091903278253684,0.9547939555976425,1.1061116900963035,1.023365324506438,Past
Peru,2015,1.078057195227355,0.30290233581611725,0.16057291740792537,0.5138441494837992,Past
Peru,2016,1.0438454930070196,1.2087665263614542,1.6358851351129238,1.2961657181604658,Past
Peru,2017,1.1884392605611074,5.365848838179565,1.3132413124100508,2.6225098037169077,Past
Peru,2018,1.0791179935435151,0.12523224866983815,1.0331120059779118,0.7458207493970882,Past
Peru,2019,1.0339542958547387,0.01570909068059502,4.491369871396136,1.847011085977157,Past
Peru,2020,0.9799476611465372,20.0,1.0048709006628564,7.328272853936464,Past
Peru,2021,1.0158860579826983,12.838537139295177,1.4584791072501693,5.104300768176015,Forecast
Peru,2022,0.9798584279482189,-0.024997444418088263,1.1437457780852502,0.6995355872051269,Forecast
Peru,2023,1.0159579527712677,7.2922148706472,1.2075015125041189,3.1718914453075286,Forecast
Peru,2024,0.979768387056728,-0.3010881803751895,1.1346749330075427,0.6044517132296937,Forecast
Peru,2025,1.016030511604443,6.589341978314494,1.1366584918039735,2.91401032724097,Forecast
Peru,2026,0.9796775274569098,-0.7800192211919023,1.1115572376939693,0.4370718479863256,Forecast
Peru,2027,1.016103743723942,1.241959568443867,1.104640161608557,1.1209011579254553,Forecast
Peru,2028,0.9795858379323994,0.4332378795732358,1.0926030508539641,0.8351422561198665,Forecast
Peru,2029,1.016177658543774,0.8233095708128371,1.0858212373625722,0.9751028222397279,Forecast
Peru,2030,0.9794933070610033,4.232352695956116,1.0784992169773413,2.0967817399981534,Forecast
Guyana,2012,0.9999928571938772,20.0,1.0090455785666312,7.336346145253503,Past
Guyana,2013,0.9999928571938772,0.22221975311385433,1.0089644894078946,0.7437256999052088,Past
Guyana,2014,1.0714209184220111,0.999950002499875,1.0119673433913448,1.0277794214377438,Past
Guyana,2015,1.0666595556029628,20.0,1.0109299227570343,7.3591964927866655,Past
Guyana,2016,0.9374941406616208,0.0,0.8305565255130003,0.5893502220582071,Past
Guyana,2017,0.9999933333777775,0.0,1.0320102212545834,0.6773345182107869,Past
Guyana,2018,1.0666595556029628,20.0,1.075475577430199,7.380711711011055,Past
Guyana,2019,0.9999937500390622,0.47484581386414104,1.039800018461834,0.8382131941216789,Past
Guyana,2020,0.9374941406616208,0.09979493507895164,0.9999999815088761,0.6790963524164829,Past
Guyana,2021,1.040821321469489,2.299787341554344,0.9998836767003677,1.446830779908067,Forecast
Guyana,2022,1.0743474309916046,1.0409072067956173,0.9998771198277441,1.0383772525383221,Forecast
Guyana,2023,0.9666884082671993,1.0981421520591348,0.9998767365958964,1.0215690989740767,Forecast
Guyana,2024,0.9606558314968482,1.0831109450030996,0.9998767006910396,1.014547825730329,Forecast
Guyana,2025,1.0681517870967794,1.0774087690334684,0.9998766843234893,1.0484790801512458,Forecast
Guyana,2026,1.041352745422296,1.0717739326503024,0.9998766690515827,1.037667782374727,Forecast
Guyana,2027,0.9496781234328886,1.0669753850499906,0.9998766538377778,1.0055100541068855,Forecast
Guyana,2028,0.9943215610830621,1.062770369842209,0.9998766386237007,1.0189895231829906,Forecast
Guyana,2029,1.074738864286142,1.0590630508616883,0.999876623406066,1.0445595128512988,Forecast
Guyana,2030,1.0064675153982061,1.0557691341839794,0.9998766081846874,1.0207044192556245,Forecast
